DB_ID,PLACE_ID,DIRECTION,EVENT_TIME,WIDTH,HEIGHT,PROJECTION_DISTANCE,SPEED,FILE_NAME
873369,1,0,"2016-08-13 00:00:55",58,31,95,0,"1719388"
873370,1,0,"2016-08-13 00:00:57",65,29,102,0,"1719393"
873371,1,0,"2016-08-13 00:04:50",52,26,102,0,"1720976"
873372,1,0,"2016-08-13 00:06:34",33,8,86,0,"1721707"
873373,1,0,"2016-08-13 00:16:32",35,28,107,0,"1725957"
873374,1,0,"2016-08-13 00:23:42",29,20,98,0,"1728570"
873375,1,0,"2016-08-13 00:24:16",41,20,97,0,"1728948"
873376,1,0,"2016-08-13 00:24:24",44,31,107,0,"1729148"
873377,1,0,"2016-08-13 00:25:56",32,11,94,0,"1729394"
873378,1,0,"2016-08-13 00:26:02",41,27,96,0,"1729416"
873379,1,0,"2016-08-13 00:26:42",41,22,95,0,"1729993"
873380,1,0,"2016-08-13 00:26:44",65,30,94,0,"1730024"
873381,1,1,"2016-08-13 00:27:57",58,25,196,0,"1730473"
873382,1,1,"2016-08-13 00:33:21",57,18,178,0,"1732352"
873383,1,0,"2016-08-13 00:47:40",58,26,99,0,"1737275"
873384,1,0,"2016-08-13 00:47:42",58,24,104,0,"1737280"
873385,1,0,"2016-08-13 00:48:24",43,21,101,0,"1737529"
873386,1,0,"2016-08-13 00:58:15",52,23,92,0,"1740802"
873387,1,0,"2016-08-13 01:01:44",48,23,95,0,"1741729"
873388,1,0,"2016-08-13 01:06:00",51,27,98,0,"1743280"
873389,1,1,"2016-08-13 01:15:42",58,30,56,0,"1746070"
873390,1,1,"2016-08-13 01:15:42",59,31,197,0,"1746062"
873391,1,0,"2016-08-13 01:16:58",53,28,108,0,"1746591"
873392,1,1,"2016-08-13 01:29:11",61,25,192,0,"1750417"
873393,1,0,"2016-08-13 01:30:31",66,23,100,0,"1750741"
873394,1,0,"2016-08-13 01:37:37",59,22,93,0,"1752506"
873395,1,0,"2016-08-13 01:50:56",53,25,94,0,"1756306"
873396,1,0,"2016-08-13 01:50:59",58,26,103,0,"1756309"
873397,1,0,"2016-08-13 02:06:32",51,26,104,0,"1760440"
873398,1,1,"2016-08-13 02:06:44",55,25,185,0,"1760507"
873399,1,1,"2016-08-13 02:06:45",52,22,185,0,"1760514"
873400,1,1,"2016-08-13 02:06:53",54,24,185,0,"1760522"
873401,1,1,"2016-08-13 02:56:35",61,29,185,0,"1770591"
873402,1,0,"2016-08-13 02:59:00",38,21,96,0,"1771159"
873403,1,1,"2016-08-13 03:10:54",54,12,117,0,"1773266"
873404,1,1,"2016-08-13 03:14:48",62,26,202,0,"1773941"
873405,1,0,"2016-08-13 03:28:00",55,24,92,0,"1776127"
873406,1,0,"2016-08-13 03:36:03",59,23,101,0,"1777406"
873407,1,1,"2016-08-13 04:11:43",58,20,189,0,"1783028"
873408,1,0,"2016-08-13 04:24:29",52,29,96,0,"1784845"
873409,1,1,"2016-08-13 04:27:54",44,25,187,0,"1785370"
873410,1,1,"2016-08-13 04:46:38",60,26,195,0,"1787857"
873411,1,0,"2016-08-13 05:07:06",53,26,84,0,"1790931"
873412,1,1,"2016-08-13 05:22:09",56,23,183,0,"1793764"
873413,1,1,"2016-08-13 05:26:14",55,25,180,0,"1794645"
873414,1,1,"2016-08-13 05:32:04",61,23,185,0,"1795920"
873415,1,1,"2016-08-13 05:32:21",34,18,182,0,"1795929"
873416,1,1,"2016-08-13 05:34:04",57,28,179,0,"1796251"
873417,1,0,"2016-08-13 05:42:37",48,29,94,0,"1798231"
873418,1,0,"2016-08-13 05:42:38",41,24,93,0,"1798233"
873419,1,0,"2016-08-13 05:42:40",37,8,83,0,"1798237"
873420,1,0,"2016-08-13 05:42:48",48,24,100,0,"1798253"
873421,1,1,"2016-08-13 05:45:01",57,15,79,0,"1798691"
873422,1,0,"2016-08-13 06:07:47",51,22,108,0,"1803296"
873423,1,0,"2016-08-13 06:08:50",42,28,104,0,"1803360"
873424,1,0,"2016-08-13 06:12:17",37,21,97,0,"1804119"
873425,1,0,"2016-08-13 06:14:23",34,11,49,0,"1804643"
873426,1,0,"2016-08-13 06:14:47",46,22,94,0,"1804728"
873427,1,0,"2016-08-13 06:34:07",54,29,103,0,"1807753"
873428,1,0,"2016-08-13 06:35:54",54,34,99,0,"1808188"
873429,1,0,"2016-08-13 06:42:50",54,32,89,0,"1809168"
873430,1,0,"2016-08-13 06:42:51",58,36,99,0,"1809169"
873431,1,1,"2016-08-13 06:44:50",53,33,182,0,"1809618"
873432,1,0,"2016-08-13 06:45:43",51,29,101,0,"1809753"
873433,1,0,"2016-08-13 06:51:36",53,37,101,0,"1810681"
873434,1,0,"2016-08-13 06:57:08",51,34,100,0,"1811650"
873435,1,0,"2016-08-13 06:58:50",53,29,95,0,"1811929"
873436,1,0,"2016-08-13 06:59:32",50,32,94,0,"1812079"
873437,1,0,"2016-08-13 07:00:34",39,26,95,0,"1812187"
873438,1,1,"2016-08-13 07:02:53",53,35,178,0,"1812462"
873439,1,0,"2016-08-13 07:03:51",56,37,95,0,"1812601"
873440,1,0,"2016-08-13 07:04:22",50,33,98,0,"1812615"
873441,1,0,"2016-08-13 07:09:21",54,35,102,0,"1813592"
873442,1,0,"2016-08-13 07:09:59",63,35,97,0,"1813650"
873443,1,1,"2016-08-13 07:10:56",53,33,188,0,"1813773"
873444,1,1,"2016-08-13 07:11:48",34,20,195,0,"1813943"
873445,1,0,"2016-08-13 07:11:52",54,33,97,0,"1813968"
873446,1,1,"2016-08-13 07:13:25",53,34,202,0,"1814156"
873447,1,0,"2016-08-13 07:13:36",50,33,100,0,"1814158"
873448,1,1,"2016-08-13 07:14:28",51,35,178,0,"1814290"
873449,1,0,"2016-08-13 07:21:04",49,34,102,0,"1815398"
873450,1,0,"2016-08-13 07:21:39",35,45,98,0,"1815467"
873451,1,0,"2016-08-13 07:21:48",53,39,91,0,"1815495"
873452,1,0,"2016-08-13 07:25:26",52,31,96,0,"1816385"
873453,1,1,"2016-08-13 07:30:41",41,25,194,0,"1817353"
873454,1,0,"2016-08-13 07:30:44",33,16,98,0,"1817362"
873455,1,1,"2016-08-13 07:30:53",37,26,191,0,"1817386"
873456,1,1,"2016-08-13 07:31:37",40,26,182,0,"1817531"
873457,1,1,"2016-08-13 07:38:11",41,49,227,0,"1819256"
873458,1,0,"2016-08-13 07:39:27",60,43,98,0,"1819805"
873459,1,0,"2016-08-13 07:41:24",53,38,97,0,"1820504"
873460,1,0,"2016-08-13 07:41:36",56,41,95,0,"1820519"
873461,1,1,"2016-08-13 07:41:44",52,36,178,0,"1820550"
873462,1,1,"2016-08-13 07:42:11",51,34,181,0,"1820663"
873463,1,0,"2016-08-13 07:42:53",49,32,91,0,"1820719"
873464,1,1,"2016-08-13 07:43:32",57,36,179,0,"1820997"
873465,1,0,"2016-08-13 07:47:41",42,30,90,0,"1822681"
873466,1,1,"2016-08-13 07:54:26",59,38,181,0,"1824639"
873467,1,0,"2016-08-13 07:59:38",45,31,96,0,"1826592"
873468,1,1,"2016-08-13 08:05:22",44,38,185,0,"1828953"
873469,1,1,"2016-08-13 08:05:27",45,37,179,0,"1828963"
873470,1,1,"2016-08-13 08:05:42",52,48,217,0,"1828992"
873471,1,0,"2016-08-13 08:05:49",30,38,120,0,"1829028"
873472,1,0,"2016-08-13 08:05:51",55,41,103,0,"1829034"
873473,1,0,"2016-08-13 08:06:09",36,15,98,0,"1829406"
873474,1,1,"2016-08-13 08:07:54",49,34,184,0,"1829909"
873475,1,1,"2016-08-13 08:10:20",46,38,184,0,"1830552"
873476,1,0,"2016-08-13 08:11:25",39,49,99,0,"1830847"
873477,1,1,"2016-08-13 08:11:26",38,34,112,0,"1830855"
873478,1,0,"2016-08-13 08:11:28",48,38,110,0,"1830918"
873479,1,1,"2016-08-13 08:11:30",43,32,79,0,"1830961"
873480,1,0,"2016-08-13 08:13:51",33,32,105,0,"1831600"
873481,1,1,"2016-08-13 08:14:08",47,29,201,0,"1831732"
873482,1,1,"2016-08-13 08:16:04",34,26,219,0,"1832444"
873483,1,1,"2016-08-13 08:16:52",53,34,191,0,"1832778"
873484,1,0,"2016-08-13 08:17:53",36,32,123,0,"1833093"
873485,1,0,"2016-08-13 08:19:02",51,39,96,0,"1833289"
873486,1,0,"2016-08-13 08:20:11",51,39,92,0,"1833673"
873487,1,0,"2016-08-13 08:21:08",44,33,97,0,"1834204"
873488,1,0,"2016-08-13 08:22:50",47,45,103,0,"1834494"
873489,1,0,"2016-08-13 08:22:53",46,50,104,0,"1834509"
873490,1,1,"2016-08-13 08:24:00",31,38,191,0,"1835029"
873491,1,1,"2016-08-13 08:30:39",29,37,179,0,"1837495"
873492,1,1,"2016-08-13 08:31:34",30,22,206,0,"1837830"
873493,1,1,"2016-08-13 08:33:31",34,33,182,0,"1838574"
873494,1,1,"2016-08-13 08:34:33",54,36,196,0,"1839137"
873495,1,1,"2016-08-13 08:34:58",56,45,194,0,"1839172"
873496,1,1,"2016-08-13 08:38:22",30,56,187,0,"1840756"
873497,1,0,"2016-08-13 08:43:30",44,53,91,0,"1842620"
873498,1,1,"2016-08-13 08:45:09",37,55,187,0,"1843719"
873499,1,0,"2016-08-13 08:45:23",48,53,92,0,"1843807"
873500,1,1,"2016-08-13 08:45:42",57,37,205,0,"1843838"
873501,1,1,"2016-08-13 08:45:45",37,39,188,0,"1843845"
873502,1,1,"2016-08-13 08:46:11",37,42,191,0,"1844194"
873503,1,0,"2016-08-13 08:47:35",38,53,97,0,"1845303"
873504,1,0,"2016-08-13 08:47:54",44,57,92,0,"1845469"
873505,1,1,"2016-08-13 08:48:44",37,22,221,0,"1845726"
873506,1,1,"2016-08-13 08:48:47",61,42,206,0,"1845765"
873507,1,0,"2016-08-13 08:49:56",33,34,141,0,"1846177"
873508,1,0,"2016-08-13 08:51:13",29,19,110,0,"1846506"
873509,1,1,"2016-08-13 08:51:31",49,38,184,0,"1846781"
873510,1,1,"2016-08-13 08:51:56",51,40,185,0,"1847076"
873511,1,1,"2016-08-13 08:51:57",46,47,185,0,"1847089"
873512,1,1,"2016-08-13 08:51:58",45,35,176,0,"1847100"
873513,1,1,"2016-08-13 08:52:00",50,43,185,0,"1847120"
873514,1,0,"2016-08-13 08:54:51",44,51,91,0,"1847817"
873515,1,0,"2016-08-13 08:56:47",55,57,102,0,"1848528"
873516,1,1,"2016-08-13 08:57:29",66,37,195,0,"1848764"
873517,1,1,"2016-08-13 08:59:55",34,48,185,0,"1849736"
873518,1,0,"2016-08-13 09:00:28",48,49,91,0,"1849835"
873519,1,1,"2016-08-13 09:01:14",29,48,184,0,"1850331"
873520,1,1,"2016-08-13 09:02:03",46,28,185,0,"1850727"
873521,1,1,"2016-08-13 09:02:03",49,30,175,0,"1850736"
873522,1,0,"2016-08-13 09:04:12",31,49,100,0,"1851732"
873523,1,1,"2016-08-13 09:05:12",49,38,192,0,"1852296"
873524,1,1,"2016-08-13 09:05:18",45,42,180,0,"1852343"
873525,1,0,"2016-08-13 09:05:48",69,52,115,0,"1852424"
873526,1,0,"2016-08-13 09:06:08",31,56,95,0,"1852743"
873527,1,0,"2016-08-13 09:07:24",29,58,129,0,"1853092"
873528,1,0,"2016-08-13 09:09:11",33,23,95,0,"1853957"
873529,1,0,"2016-08-13 09:10:27",48,11,89,0,"1854380"
873530,1,1,"2016-08-13 09:10:34",50,47,178,0,"1854417"
873531,1,1,"2016-08-13 09:11:23",45,38,193,0,"1854622"
873532,1,1,"2016-08-13 09:11:38",30,55,193,0,"1854727"
873533,1,1,"2016-08-13 09:13:19",41,37,180,0,"1855424"
873534,1,1,"2016-08-13 09:13:38",37,41,191,0,"1855438"
873535,1,1,"2016-08-13 09:13:46",33,55,188,0,"1855454"
873536,1,1,"2016-08-13 09:14:05",50,39,178,0,"1855635"
873537,1,1,"2016-08-13 09:14:36",47,36,184,0,"1855938"
873538,1,1,"2016-08-13 09:16:45",45,44,187,0,"1856827"
873539,1,0,"2016-08-13 09:16:50",57,57,103,0,"1856890"
873540,1,1,"2016-08-13 09:16:52",46,36,72,0,"1856925"
873541,1,1,"2016-08-13 09:16:52",39,37,121,0,"1856930"
873542,1,1,"2016-08-13 09:17:29",29,46,189,0,"1857182"
873543,1,1,"2016-08-13 09:18:00",57,37,188,0,"1857320"
873544,1,1,"2016-08-13 09:18:58",33,51,189,0,"1857554"
873545,1,1,"2016-08-13 09:19:02",30,51,185,0,"1857564"
873546,1,1,"2016-08-13 09:19:37",51,38,142,0,"1858372"
873547,1,1,"2016-08-13 09:20:33",29,24,199,0,"1858588"
873548,1,0,"2016-08-13 09:23:23",38,56,129,0,"1859996"
873549,1,0,"2016-08-13 09:23:47",56,52,114,0,"1860420"
873550,1,1,"2016-08-13 09:23:53",51,36,196,0,"1860478"
873551,1,1,"2016-08-13 09:23:58",41,38,181,0,"1860496"
873552,1,1,"2016-08-13 09:25:23",47,45,180,0,"1860988"
873553,1,0,"2016-08-13 09:26:04",39,54,103,0,"1861169"
873554,1,1,"2016-08-13 09:26:08",56,38,184,0,"1861214"
873555,1,1,"2016-08-13 09:26:08",55,43,191,0,"1861230"
873556,1,1,"2016-08-13 09:26:10",59,40,188,0,"1861255"
873557,1,1,"2016-08-13 09:26:13",47,38,184,0,"1861295"
873558,1,1,"2016-08-13 09:26:13",48,50,183,0,"1861299"
873559,1,1,"2016-08-13 09:26:14",60,43,182,0,"1861315"
873560,1,1,"2016-08-13 09:26:15",56,41,182,0,"1861338"
873561,1,0,"2016-08-13 09:27:11",43,57,88,0,"1861568"
873562,1,1,"2016-08-13 09:27:37",58,44,188,0,"1861951"
873563,1,0,"2016-08-13 09:27:50",33,53,97,0,"1862074"
873564,1,0,"2016-08-13 09:28:36",40,52,99,0,"1862191"
873565,1,0,"2016-08-13 09:30:07",59,55,93,0,"1862731"
873566,1,1,"2016-08-13 09:30:23",54,40,199,0,"1862842"
873567,1,1,"2016-08-13 09:30:40",51,36,187,0,"1862886"
873568,1,1,"2016-08-13 09:30:59",54,43,53,0,"1863741"
873569,1,0,"2016-08-13 09:31:24",47,54,98,0,"1863896"
873570,1,1,"2016-08-13 09:32:50",52,42,192,0,"1864442"
873571,1,0,"2016-08-13 09:33:47",58,52,92,0,"1864581"
873572,1,0,"2016-08-13 09:35:18",52,52,100,0,"1865317"
873573,1,1,"2016-08-13 09:37:10",54,47,185,0,"1866082"
873574,1,1,"2016-08-13 09:37:15",57,34,186,0,"1866094"
873575,1,1,"2016-08-13 09:37:16",54,44,195,0,"1866096"
873576,1,0,"2016-08-13 09:37:41",39,51,93,0,"1866140"
873577,1,1,"2016-08-13 09:38:25",42,39,73,0,"1866640"
873578,1,0,"2016-08-13 09:38:33",53,48,108,0,"1866658"
873579,1,1,"2016-08-13 09:39:31",56,42,177,0,"1867174"
873580,1,0,"2016-08-13 09:40:04",34,27,122,0,"1867350"
873581,1,1,"2016-08-13 09:42:06",49,45,179,0,"1868172"
873582,1,1,"2016-08-13 09:43:46",58,39,197,0,"1868759"
873583,1,1,"2016-08-13 09:43:50",51,37,166,0,"1868770"
873584,1,1,"2016-08-13 09:44:52",49,48,164,0,"1869299"
873585,1,1,"2016-08-13 09:45:30",50,43,156,0,"1869571"
873586,1,1,"2016-08-13 09:45:34",56,39,157,0,"1869581"
873587,1,1,"2016-08-13 09:45:36",50,43,191,0,"1869590"
873588,1,1,"2016-08-13 09:45:37",57,41,155,0,"1869594"
873589,1,0,"2016-08-13 09:46:00",40,10,55,0,"1869775"
873590,1,0,"2016-08-13 09:46:19",40,45,94,0,"1870034"
873591,1,1,"2016-08-13 09:47:46",31,39,180,0,"1870579"
873592,1,0,"2016-08-13 09:48:18",45,48,95,0,"1870646"
873593,1,1,"2016-08-13 09:48:41",29,29,175,0,"1870849"
873594,1,0,"2016-08-13 09:48:51",46,45,114,0,"1871065"
873595,1,0,"2016-08-13 09:48:58",57,44,103,0,"1871143"
873596,1,0,"2016-08-13 09:49:00",53,54,116,0,"1871160"
873597,1,0,"2016-08-13 09:49:03",56,45,105,0,"1871196"
873598,1,0,"2016-08-13 09:49:10",63,49,123,0,"1871241"
873599,1,0,"2016-08-13 09:49:16",58,45,108,0,"1871277"
873600,1,1,"2016-08-13 09:50:18",67,50,132,0,"1871720"
873601,1,1,"2016-08-13 09:50:23",40,48,190,0,"1871770"
873602,1,1,"2016-08-13 09:50:28",47,42,138,0,"1871830"
873603,1,1,"2016-08-13 09:51:30",53,52,139,0,"1872163"
873604,1,1,"2016-08-13 09:51:51",52,38,127,0,"1872313"
873605,1,1,"2016-08-13 09:51:53",45,39,126,0,"1872320"
873606,1,0,"2016-08-13 09:52:02",35,46,93,0,"1872330"
873607,1,1,"2016-08-13 09:52:06",47,43,131,0,"1872348"
873608,1,1,"2016-08-13 09:52:15",56,38,187,0,"1872353"
873609,1,1,"2016-08-13 09:52:45",57,50,131,0,"1872523"
873610,1,0,"2016-08-13 09:52:52",39,49,88,0,"1872594"
873611,1,0,"2016-08-13 09:52:53",47,50,108,0,"1872600"
873612,1,0,"2016-08-13 09:52:55",46,48,120,0,"1872615"
873613,1,0,"2016-08-13 09:52:56",43,47,93,0,"1872625"
873614,1,0,"2016-08-13 09:53:14",47,49,96,0,"1872746"
873615,1,0,"2016-08-13 09:53:16",50,50,111,0,"1872750"
873616,1,0,"2016-08-13 09:53:30",50,53,70,0,"1872762"
873617,1,1,"2016-08-13 09:54:15",57,39,127,0,"1873246"
873618,1,1,"2016-08-13 09:54:22",58,42,185,0,"1873310"
873619,1,1,"2016-08-13 09:54:23",49,35,123,0,"1873313"
873620,1,0,"2016-08-13 09:55:08",64,50,104,0,"1873390"
873621,1,1,"2016-08-13 09:55:09",29,31,134,0,"1873386"
873622,1,0,"2016-08-13 09:55:35",56,48,111,0,"1873776"
873623,1,1,"2016-08-13 09:56:15",48,39,174,0,"1873957"
873624,1,0,"2016-08-13 09:56:21",34,44,97,0,"1873964"
873625,1,1,"2016-08-13 09:56:26",48,38,183,0,"1874032"
873626,1,1,"2016-08-13 09:57:03",30,26,203,0,"1874390"
873627,1,0,"2016-08-13 09:57:42",64,46,112,0,"1874553"
873628,1,0,"2016-08-13 09:58:44",31,34,99,0,"1874972"
873629,1,1,"2016-08-13 09:59:40",60,49,179,0,"1875163"
873630,1,0,"2016-08-13 10:00:01",45,46,113,0,"1875266"
873631,1,0,"2016-08-13 10:00:03",49,49,101,0,"1875296"
873632,1,0,"2016-08-13 10:00:06",42,15,53,0,"1875389"
873633,1,0,"2016-08-13 10:00:41",53,46,100,0,"1875945"
873634,1,0,"2016-08-13 10:01:16",36,49,108,0,"1876116"
873635,1,0,"2016-08-13 10:01:55",42,55,105,0,"1876184"
873636,1,0,"2016-08-13 10:01:56",43,33,101,0,"1876237"
873637,1,0,"2016-08-13 10:02:43",42,44,112,0,"1876892"
873638,1,0,"2016-08-13 10:02:56",56,50,111,0,"1877002"
873639,1,1,"2016-08-13 10:03:16",52,36,180,0,"1877090"
873640,1,0,"2016-08-13 10:03:44",62,48,106,0,"1877117"
873641,1,0,"2016-08-13 10:03:46",58,43,98,0,"1877119"
873642,1,1,"2016-08-13 10:04:47",61,41,195,0,"1877689"
873643,1,1,"2016-08-13 10:05:00",58,42,194,0,"1877738"
873644,1,1,"2016-08-13 10:06:12",59,45,87,0,"1878152"
873645,1,1,"2016-08-13 10:06:51",57,41,92,0,"1878601"
873646,1,1,"2016-08-13 10:06:54",60,42,197,0,"1878609"
873647,1,1,"2016-08-13 10:08:22",46,45,71,0,"1879093"
873648,1,1,"2016-08-13 10:08:28",37,36,70,0,"1879200"
873649,1,1,"2016-08-13 10:08:30",43,36,81,0,"1879219"
873650,1,1,"2016-08-13 10:08:31",44,38,72,0,"1879230"
873651,1,0,"2016-08-13 10:10:26",52,40,91,0,"1880372"
873652,1,1,"2016-08-13 10:10:54",57,41,64,0,"1880621"
873653,1,1,"2016-08-13 10:10:55",51,50,173,0,"1880618"
873654,1,0,"2016-08-13 10:11:03",50,45,110,0,"1880652"
873655,1,0,"2016-08-13 10:11:39",55,44,108,0,"1880702"
873656,1,0,"2016-08-13 10:11:43",50,45,105,0,"1880713"
873657,1,0,"2016-08-13 10:12:00",31,19,98,0,"1880762"
873658,1,0,"2016-08-13 10:12:05",30,24,78,0,"1880825"
873659,1,0,"2016-08-13 10:13:05",52,43,104,0,"1881416"
873660,1,0,"2016-08-13 10:13:06",45,42,116,0,"1881426"
873661,1,0,"2016-08-13 10:13:07",57,56,55,0,"1881432"
873662,1,0,"2016-08-13 10:13:30",45,45,108,0,"1881489"
873663,1,1,"2016-08-13 10:14:14",56,44,88,0,"1881813"
873664,1,1,"2016-08-13 10:17:24",64,34,190,0,"1883077"
873665,1,1,"2016-08-13 10:17:25",65,53,182,0,"1883083"
873666,1,0,"2016-08-13 10:18:03",43,30,49,0,"1883215"
873667,1,0,"2016-08-13 10:18:04",50,45,87,0,"1883210"
873668,1,1,"2016-08-13 10:18:05",53,33,53,0,"1883235"
873669,1,1,"2016-08-13 10:19:03",67,42,185,0,"1883678"
873670,1,1,"2016-08-13 10:19:04",65,43,192,0,"1883685"
873671,1,1,"2016-08-13 10:19:15",55,32,183,0,"1883698"
873672,1,0,"2016-08-13 10:19:40",54,43,103,0,"1883710"
873673,1,1,"2016-08-13 10:20:18",57,41,191,0,"1884085"
873674,1,1,"2016-08-13 10:22:19",56,38,60,0,"1884851"
873675,1,0,"2016-08-13 10:22:37",51,40,101,0,"1885000"
873676,1,0,"2016-08-13 10:22:38",48,44,105,0,"1885010"
873677,1,1,"2016-08-13 10:22:40",58,35,137,0,"1885028"
873678,1,0,"2016-08-13 10:22:44",59,44,99,0,"1885070"
873679,1,1,"2016-08-13 10:23:49",40,44,52,0,"1885241"
873680,1,1,"2016-08-13 10:24:03",61,44,131,0,"1885378"
873681,1,0,"2016-08-13 10:24:42",38,27,98,0,"1885810"
873682,1,0,"2016-08-13 10:25:44",54,42,101,0,"1885981"
873683,1,1,"2016-08-13 10:26:25",56,39,199,0,"1886514"
873684,1,0,"2016-08-13 10:26:31",54,38,100,0,"1886576"
873685,1,1,"2016-08-13 10:26:36",41,43,153,0,"1886597"
873686,1,0,"2016-08-13 10:27:56",45,12,99,0,"1886903"
873687,1,1,"2016-08-13 10:28:04",53,40,49,0,"1886994"
873688,1,1,"2016-08-13 10:28:20",48,38,192,0,"1887131"
873689,1,1,"2016-08-13 10:28:21",69,37,184,0,"1887173"
873690,1,1,"2016-08-13 10:28:26",52,44,198,0,"1887245"
873691,1,1,"2016-08-13 10:28:27",60,41,182,0,"1887255"
873692,1,1,"2016-08-13 10:28:33",62,39,191,0,"1887341"
873693,1,1,"2016-08-13 10:28:35",64,38,113,0,"1887381"
873694,1,1,"2016-08-13 10:28:51",58,36,190,0,"1887510"
873695,1,1,"2016-08-13 10:28:57",69,39,184,0,"1887550"
873696,1,0,"2016-08-13 10:29:57",54,42,95,0,"1887735"
873697,1,0,"2016-08-13 10:29:58",38,42,149,0,"1887671"
873698,1,1,"2016-08-13 10:30:38",57,37,185,0,"1888318"
873699,1,1,"2016-08-13 10:31:15",66,31,182,0,"1888547"
873700,1,0,"2016-08-13 10:32:00",49,43,103,0,"1888658"
873701,1,0,"2016-08-13 10:32:01",53,40,87,0,"1888678"
873702,1,1,"2016-08-13 10:32:22",66,38,111,0,"1888954"
873703,1,0,"2016-08-13 10:32:42",57,41,96,0,"1889171"
873704,1,1,"2016-08-13 10:32:52",70,38,52,0,"1889208"
873705,1,0,"2016-08-13 10:33:07",58,43,92,0,"1889280"
873706,1,1,"2016-08-13 10:33:14",71,34,133,0,"1889298"
873707,1,1,"2016-08-13 10:33:26",65,39,116,0,"1889341"
873708,1,0,"2016-08-13 10:34:15",36,42,87,0,"1889567"
873709,1,1,"2016-08-13 10:34:39",59,36,68,0,"1889828"
873710,1,0,"2016-08-13 10:35:57",52,42,93,0,"1890048"
873711,1,0,"2016-08-13 10:36:04",64,41,111,0,"1890111"
873712,1,1,"2016-08-13 10:36:19",70,44,55,0,"1890312"
873713,1,1,"2016-08-13 10:36:20",66,38,63,0,"1890332"
873714,1,1,"2016-08-13 10:36:41",65,38,56,0,"1890613"
873715,1,1,"2016-08-13 10:37:07",56,32,201,0,"1890733"
873716,1,1,"2016-08-13 10:37:41",39,33,59,0,"1890761"
873717,1,0,"2016-08-13 10:37:46",69,46,102,0,"1890766"
873718,1,0,"2016-08-13 10:37:51",58,29,91,0,"1890774"
873719,1,1,"2016-08-13 10:38:05",63,42,195,0,"1890895"
873720,1,0,"2016-08-13 10:38:59",40,42,97,0,"1891544"
873721,1,1,"2016-08-13 10:39:11",57,36,198,0,"1891588"
873722,1,0,"2016-08-13 10:39:35",66,42,99,0,"1891598"
873723,1,0,"2016-08-13 10:39:37",70,42,103,0,"1891602"
873724,1,1,"2016-08-13 10:40:58",32,28,59,0,"1892385"
873725,1,1,"2016-08-13 10:40:59",64,34,132,0,"1892397"
873726,1,1,"2016-08-13 10:41:00",56,34,131,0,"1892407"
873727,1,0,"2016-08-13 10:41:52",62,40,93,0,"1892495"
873728,1,0,"2016-08-13 10:42:02",39,34,96,0,"1892590"
873729,1,1,"2016-08-13 10:42:34",32,22,169,0,"1893135"
873730,1,0,"2016-08-13 10:44:00",60,40,87,0,"1893496"
873731,1,0,"2016-08-13 10:44:51",38,30,87,0,"1894058"
873732,1,0,"2016-08-13 10:44:52",45,22,125,0,"1894065"
873733,1,0,"2016-08-13 10:44:53",30,27,127,0,"1894080"
873734,1,0,"2016-08-13 10:44:57",29,20,112,0,"1894131"
873735,1,0,"2016-08-13 10:45:32",43,41,93,0,"1894181"
873736,1,0,"2016-08-13 10:45:35",36,37,87,0,"1894185"
873737,1,0,"2016-08-13 10:46:34",40,18,127,0,"1894600"
873738,1,0,"2016-08-13 10:47:01",38,35,94,0,"1894774"
873739,1,1,"2016-08-13 10:47:07",52,38,143,0,"1894812"
873740,1,0,"2016-08-13 10:47:48",57,38,120,0,"1894859"
873741,1,1,"2016-08-13 10:48:15",54,44,96,0,"1895107"
873742,1,1,"2016-08-13 10:48:20",46,37,142,0,"1895142"
873743,1,1,"2016-08-13 10:50:19",59,37,128,0,"1896295"
873744,1,1,"2016-08-13 10:50:44",36,33,193,0,"1896547"
873745,1,1,"2016-08-13 10:50:46",57,32,63,0,"1896595"
873746,1,1,"2016-08-13 10:50:55",54,38,188,0,"1896647"
873747,1,0,"2016-08-13 10:51:35",59,22,95,0,"1896727"
873748,1,1,"2016-08-13 10:52:13",62,38,184,0,"1896907"
873749,1,1,"2016-08-13 10:52:29",54,38,199,0,"1897098"
873750,1,1,"2016-08-13 10:53:03",50,43,105,0,"1897422"
873751,1,1,"2016-08-13 10:54:12",35,34,101,0,"1897580"
873752,1,1,"2016-08-13 10:54:19",60,39,49,0,"1897930"
873753,1,1,"2016-08-13 10:54:20",62,40,62,0,"1897970"
873754,1,1,"2016-08-13 10:54:25",57,40,185,0,"1898007"
873755,1,1,"2016-08-13 10:54:26",56,42,188,0,"1898026"
873756,1,0,"2016-08-13 10:54:59",54,33,103,0,"1898437"
873757,1,1,"2016-08-13 10:57:13",53,36,183,0,"1899038"
873758,1,0,"2016-08-13 10:57:46",47,38,89,0,"1899058"
873759,1,1,"2016-08-13 10:57:54",60,36,195,0,"1899065"
873760,1,0,"2016-08-13 10:58:15",44,27,93,0,"1899311"
873761,1,1,"2016-08-13 10:58:26",53,35,178,0,"1899477"
873762,1,1,"2016-08-13 10:58:27",53,39,187,0,"1899513"
873763,1,0,"2016-08-13 10:58:43",45,31,89,0,"1899779"
873764,1,1,"2016-08-13 10:58:45",43,37,70,0,"1899794"
873765,1,0,"2016-08-13 10:58:50",45,33,102,0,"1899857"
873766,1,0,"2016-08-13 10:58:51",58,40,104,0,"1899872"
873767,1,0,"2016-08-13 10:59:50",54,37,93,0,"1899985"
873768,1,0,"2016-08-13 10:59:52",56,37,92,0,"1899992"
873769,1,1,"2016-08-13 11:00:15",56,37,187,0,"1900185"
873770,1,1,"2016-08-13 11:00:19",55,38,180,0,"1900216"
873771,1,1,"2016-08-13 11:00:22",61,49,184,0,"1900265"
873772,1,1,"2016-08-13 11:00:38",48,35,185,0,"1900542"
873773,1,1,"2016-08-13 11:00:47",53,36,200,0,"1900680"
873774,1,0,"2016-08-13 11:00:57",48,40,103,0,"1900775"
873775,1,0,"2016-08-13 11:01:57",55,39,105,0,"1900896"
873776,1,1,"2016-08-13 11:02:29",50,29,184,0,"1901312"
873777,1,1,"2016-08-13 11:02:38",63,36,184,0,"1901409"
873778,1,1,"2016-08-13 11:02:43",51,33,186,0,"1901443"
873779,1,1,"2016-08-13 11:02:45",51,36,187,0,"1901460"
873780,1,1,"2016-08-13 11:02:46",50,37,191,0,"1901476"
873781,1,0,"2016-08-13 11:02:53",57,35,93,0,"1901505"
873782,1,0,"2016-08-13 11:03:01",59,38,92,0,"1901514"
873783,1,1,"2016-08-13 11:03:20",50,33,190,0,"1901548"
873784,1,0,"2016-08-13 11:03:42",50,40,98,0,"1901561"
873785,1,1,"2016-08-13 11:04:10",58,38,197,0,"1901641"
873786,1,1,"2016-08-13 11:04:12",59,38,199,0,"1901654"
873787,1,1,"2016-08-13 11:04:31",63,40,187,0,"1901840"
873788,1,1,"2016-08-13 11:04:35",58,37,194,0,"1901898"
873789,1,0,"2016-08-13 11:04:40",60,37,85,0,"1901944"
873790,1,0,"2016-08-13 11:04:51",56,29,94,0,"1902021"
873791,1,0,"2016-08-13 11:04:51",52,37,108,0,"1902024"
873792,1,1,"2016-08-13 11:04:53",47,35,51,0,"1902040"
873793,1,1,"2016-08-13 11:04:53",50,37,54,0,"1902042"
873794,1,1,"2016-08-13 11:05:01",63,39,190,0,"1902089"
873795,1,1,"2016-08-13 11:05:05",58,35,190,0,"1902112"
873796,1,0,"2016-08-13 11:05:54",57,37,96,0,"1902195"
873797,1,0,"2016-08-13 11:06:02",58,37,93,0,"1902269"
873798,1,1,"2016-08-13 11:06:19",59,37,188,0,"1902538"
873799,1,1,"2016-08-13 11:06:50",59,39,186,0,"1902951"
873800,1,1,"2016-08-13 11:06:51",60,39,196,0,"1902962"
873801,1,0,"2016-08-13 11:07:02",38,22,92,0,"1903068"
873802,1,0,"2016-08-13 11:07:06",60,37,89,0,"1903097"
873803,1,1,"2016-08-13 11:08:15",60,39,204,0,"1903307"
873804,1,1,"2016-08-13 11:08:25",63,36,186,0,"1903436"
873805,1,0,"2016-08-13 11:08:31",40,34,103,0,"1903509"
873806,1,0,"2016-08-13 11:08:40",61,36,98,0,"1903660"
873807,1,0,"2016-08-13 11:08:41",62,37,78,0,"1903673"
873808,1,1,"2016-08-13 11:09:09",64,37,185,0,"1903898"
873809,1,1,"2016-08-13 11:09:13",58,36,192,0,"1903901"
873810,1,0,"2016-08-13 11:10:04",58,33,90,0,"1903953"
873811,1,0,"2016-08-13 11:10:05",63,39,95,0,"1903958"
873812,1,1,"2016-08-13 11:10:13",54,34,206,0,"1904028"
873813,1,1,"2016-08-13 11:10:15",62,36,186,0,"1904054"
873814,1,1,"2016-08-13 11:10:16",59,38,188,0,"1904073"
873815,1,0,"2016-08-13 11:10:17",64,37,90,0,"1904097"
873816,1,1,"2016-08-13 11:10:23",58,35,200,0,"1904174"
873817,1,1,"2016-08-13 11:12:14",60,33,193,0,"1904751"
873818,1,0,"2016-08-13 11:13:48",60,36,108,0,"1905371"
873819,1,0,"2016-08-13 11:13:53",62,37,101,0,"1905389"
873820,1,0,"2016-08-13 11:14:14",66,37,112,0,"1905635"
873821,1,1,"2016-08-13 11:14:19",57,37,199,0,"1905758"
873822,1,1,"2016-08-13 11:14:21",58,36,189,0,"1905786"
873823,1,1,"2016-08-13 11:14:22",58,32,193,0,"1905807"
873824,1,1,"2016-08-13 11:14:25",62,34,186,0,"1905831"
873825,1,0,"2016-08-13 11:14:44",64,39,94,0,"1906095"
873826,1,0,"2016-08-13 11:14:45",59,36,83,0,"1906101"
873827,1,0,"2016-08-13 11:15:00",62,44,98,0,"1906213"
873828,1,0,"2016-08-13 11:15:02",60,33,101,0,"1906220"
873829,1,0,"2016-08-13 11:15:05",57,39,89,0,"1906252"
873830,1,0,"2016-08-13 11:15:06",61,40,87,0,"1906263"
873831,1,0,"2016-08-13 11:15:08",65,39,98,0,"1906273"
873832,1,1,"2016-08-13 11:15:09",46,40,57,0,"1906284"
873833,1,0,"2016-08-13 11:15:57",61,30,98,0,"1906364"
873834,1,0,"2016-08-13 11:16:00",64,36,99,0,"1906405"
873835,1,1,"2016-08-13 11:16:15",64,42,182,0,"1906618"
873836,1,1,"2016-08-13 11:16:25",63,35,182,0,"1906770"
873837,1,1,"2016-08-13 11:16:27",58,33,181,0,"1906795"
873838,1,0,"2016-08-13 11:16:35",58,31,93,0,"1906968"
873839,1,0,"2016-08-13 11:16:57",43,26,50,0,"1907166"
873840,1,1,"2016-08-13 11:17:05",65,37,184,0,"1907285"
873841,1,1,"2016-08-13 11:18:08",42,36,106,0,"1907533"
873842,1,1,"2016-08-13 11:18:46",61,38,190,0,"1907993"
873843,1,1,"2016-08-13 11:19:04",64,35,187,0,"1908074"
873844,1,0,"2016-08-13 11:21:59",53,26,95,0,"1908964"
873845,1,0,"2016-08-13 11:22:00",55,23,92,0,"1908982"
873846,1,0,"2016-08-13 11:22:23",62,28,107,0,"1909230"
873847,1,0,"2016-08-13 11:22:23",65,35,103,0,"1909235"
873848,1,0,"2016-08-13 11:22:43",29,15,90,0,"1909453"
873849,1,0,"2016-08-13 11:22:47",60,35,109,0,"1909485"
873850,1,0,"2016-08-13 11:22:47",59,34,96,0,"1909489"
873851,1,0,"2016-08-13 11:22:49",68,24,93,0,"1909500"
873852,1,0,"2016-08-13 11:22:53",60,29,83,0,"1909528"
873853,1,1,"2016-08-13 11:23:02",67,37,138,0,"1909551"
873854,1,1,"2016-08-13 11:23:19",60,33,183,0,"1909574"
873855,1,0,"2016-08-13 11:24:03",62,29,93,0,"1909699"
873856,1,0,"2016-08-13 11:24:05",60,27,93,0,"1909712"
873857,1,0,"2016-08-13 11:24:07",67,32,91,0,"1909735"
873858,1,0,"2016-08-13 11:24:09",63,35,86,0,"1909742"
873859,1,0,"2016-08-13 11:24:10",63,35,92,0,"1909750"
873860,1,0,"2016-08-13 11:24:11",56,35,98,0,"1909765"
873861,1,1,"2016-08-13 11:24:15",59,33,193,0,"1909789"
873862,1,1,"2016-08-13 11:24:38",39,20,197,0,"1910068"
873863,1,1,"2016-08-13 11:24:44",57,32,183,0,"1910170"
873864,1,0,"2016-08-13 11:25:02",65,31,99,0,"1910341"
873865,1,1,"2016-08-13 11:25:40",60,37,187,0,"1910407"
873866,1,0,"2016-08-13 11:25:48",65,35,92,0,"1910423"
873867,1,1,"2016-08-13 11:26:19",63,32,192,0,"1910710"
873868,1,1,"2016-08-13 11:26:20",59,36,192,0,"1910723"
873869,1,1,"2016-08-13 11:26:21",59,32,195,0,"1910732"
873870,1,1,"2016-08-13 11:26:25",70,35,190,0,"1910775"
873871,1,1,"2016-08-13 11:26:27",56,33,194,0,"1910808"
873872,1,1,"2016-08-13 11:26:28",59,32,189,0,"1910817"
873873,1,1,"2016-08-13 11:26:32",59,36,198,0,"1910875"
873874,1,1,"2016-08-13 11:26:33",60,32,195,0,"1910894"
873875,1,1,"2016-08-13 11:26:35",55,32,183,0,"1910920"
873876,1,1,"2016-08-13 11:26:36",58,35,189,0,"1910936"
873877,1,1,"2016-08-13 11:26:37",62,32,192,0,"1910955"
873878,1,0,"2016-08-13 11:26:43",63,29,89,0,"1911026"
873879,1,1,"2016-08-13 11:28:24",66,36,197,0,"1911536"
873880,1,1,"2016-08-13 11:28:28",56,31,188,0,"1911548"
873881,1,1,"2016-08-13 11:28:29",61,33,188,0,"1911557"
873882,1,1,"2016-08-13 11:28:30",61,36,186,0,"1911571"
873883,1,1,"2016-08-13 11:29:07",60,31,188,0,"1911807"
873884,1,1,"2016-08-13 11:29:56",48,36,105,0,"1911895"
873885,1,0,"2016-08-13 11:30:01",60,37,89,0,"1911920"
873886,1,1,"2016-08-13 11:30:12",60,33,183,0,"1912060"
873887,1,1,"2016-08-13 11:30:21",61,29,180,0,"1912170"
873888,1,1,"2016-08-13 11:30:22",61,35,196,0,"1912184"
873889,1,1,"2016-08-13 11:30:24",61,35,190,0,"1912200"
873890,1,0,"2016-08-13 11:30:45",34,23,120,0,"1912522"
873891,1,0,"2016-08-13 11:31:09",39,26,99,0,"1912678"
873892,1,0,"2016-08-13 11:32:02",56,30,97,0,"1912802"
873893,1,1,"2016-08-13 11:32:19",61,35,67,0,"1913128"
873894,1,1,"2016-08-13 11:33:00",67,32,192,0,"1913460"
873895,1,0,"2016-08-13 11:33:46",64,28,96,0,"1913533"
873896,1,0,"2016-08-13 11:33:47",64,35,92,0,"1913538"
873897,1,0,"2016-08-13 11:33:48",63,29,100,0,"1913539"
873898,1,0,"2016-08-13 11:33:56",51,36,99,0,"1913556"
873899,1,1,"2016-08-13 11:34:23",60,34,193,0,"1913868"
873900,1,1,"2016-08-13 11:34:24",65,34,182,0,"1913881"
873901,1,0,"2016-08-13 11:34:34",56,29,102,0,"1914018"
873902,1,0,"2016-08-13 11:34:54",57,27,90,0,"1914195"
873903,1,1,"2016-08-13 11:35:30",59,30,193,0,"1914311"
873904,1,0,"2016-08-13 11:35:49",57,28,95,0,"1914325"
873905,1,0,"2016-08-13 11:35:50",65,35,89,0,"1914327"
873906,1,0,"2016-08-13 11:35:51",57,25,96,0,"1914332"
873907,1,0,"2016-08-13 11:36:09",59,36,91,0,"1914460"
873908,1,1,"2016-08-13 11:36:17",64,33,182,0,"1914561"
873909,1,1,"2016-08-13 11:36:20",65,33,186,0,"1914592"
873910,1,1,"2016-08-13 11:36:39",64,30,184,0,"1914824"
873911,1,0,"2016-08-13 11:37:59",41,32,95,0,"1915110"
873912,1,0,"2016-08-13 11:38:14",42,25,99,0,"1915300"
873913,1,1,"2016-08-13 11:38:18",54,33,61,0,"1915372"
873914,1,1,"2016-08-13 11:38:31",60,31,198,0,"1915523"
873915,1,0,"2016-08-13 11:38:42",49,32,117,0,"1915701"
873916,1,0,"2016-08-13 11:38:52",59,30,90,0,"1915830"
873917,1,0,"2016-08-13 11:39:14",59,33,98,0,"1915912"
873918,1,0,"2016-08-13 11:40:01",63,34,88,0,"1916025"
873919,1,0,"2016-08-13 11:40:02",52,32,98,0,"1916037"
873920,1,0,"2016-08-13 11:40:12",38,25,104,0,"1916164"
873921,1,0,"2016-08-13 11:40:12",57,35,97,0,"1916188"
873922,1,1,"2016-08-13 11:40:15",62,32,67,0,"1916255"
873923,1,1,"2016-08-13 11:40:31",53,25,195,0,"1916474"
873924,1,0,"2016-08-13 11:40:44",60,35,63,0,"1916671"
873925,1,0,"2016-08-13 11:40:45",44,32,105,0,"1916664"
873926,1,0,"2016-08-13 11:40:53",62,33,108,0,"1916829"
873927,1,0,"2016-08-13 11:40:54",60,33,93,0,"1916852"
873928,1,0,"2016-08-13 11:41:07",65,29,194,0,"1916906"
873929,1,1,"2016-08-13 11:42:10",60,33,199,0,"1917090"
873930,1,1,"2016-08-13 11:42:11",57,30,180,0,"1917099"
873931,1,1,"2016-08-13 11:42:17",63,34,180,0,"1917196"
873932,1,1,"2016-08-13 11:42:21",63,34,190,0,"1917244"
873933,1,1,"2016-08-13 11:42:23",66,33,196,0,"1917265"
873934,1,1,"2016-08-13 11:42:35",54,35,180,0,"1917406"
873935,1,1,"2016-08-13 11:42:44",60,31,176,0,"1917710"
873936,1,0,"2016-08-13 11:42:48",60,26,84,0,"1917730"
873937,1,0,"2016-08-13 11:42:55",60,35,105,0,"1917765"
873938,1,0,"2016-08-13 11:42:56",61,32,93,0,"1917771"
873939,1,0,"2016-08-13 11:42:59",66,25,95,0,"1917782"
873940,1,0,"2016-08-13 11:43:00",66,27,96,0,"1917798"
873941,1,0,"2016-08-13 11:43:45",29,15,90,0,"1917846"
873942,1,1,"2016-08-13 11:44:38",56,30,184,0,"1918263"
873943,1,1,"2016-08-13 11:44:38",60,31,194,0,"1918268"
873944,1,1,"2016-08-13 11:44:39",58,30,182,0,"1918276"
873945,1,0,"2016-08-13 11:45:52",67,25,89,0,"1918538"
873946,1,0,"2016-08-13 11:45:55",68,32,98,0,"1918548"
873947,1,0,"2016-08-13 11:47:03",68,29,87,0,"1919291"
873948,1,0,"2016-08-13 11:48:01",64,28,102,0,"1919373"
873949,1,1,"2016-08-13 11:49:09",59,31,190,0,"1920021"
873950,1,1,"2016-08-13 11:50:22",50,32,181,0,"1920308"
873951,1,1,"2016-08-13 11:50:34",61,29,189,0,"1920437"
873952,1,0,"2016-08-13 11:50:53",66,31,101,0,"1920709"
873953,1,0,"2016-08-13 11:51:12",67,32,88,0,"1920848"
873954,1,0,"2016-08-13 11:51:14",60,34,103,0,"1920858"
873955,1,1,"2016-08-13 11:52:23",67,30,81,0,"1921219"
873956,1,1,"2016-08-13 11:52:56",67,31,169,0,"1921608"
873957,1,1,"2016-08-13 11:53:10",68,32,183,0,"1921667"
873958,1,0,"2016-08-13 11:53:15",63,35,96,0,"1921694"
873959,1,0,"2016-08-13 11:53:45",67,32,98,0,"1921740"
873960,1,0,"2016-08-13 11:53:46",67,33,98,0,"1921743"
873961,1,0,"2016-08-13 11:53:49",69,29,88,0,"1921746"
873962,1,0,"2016-08-13 11:53:50",62,32,102,0,"1921749"
873963,1,0,"2016-08-13 11:54:08",68,25,90,0,"1921896"
873964,1,0,"2016-08-13 11:54:10",67,32,107,0,"1921908"
873965,1,0,"2016-08-13 11:54:11",62,31,92,0,"1921920"
873966,1,0,"2016-08-13 11:54:14",63,34,98,0,"1921951"
873967,1,0,"2016-08-13 11:54:15",47,28,84,0,"1921962"
873968,1,0,"2016-08-13 11:54:16",57,33,68,0,"1921955"
873969,1,1,"2016-08-13 11:54:20",57,30,197,0,"1922054"
873970,1,1,"2016-08-13 11:54:24",55,29,182,0,"1922103"
873971,1,1,"2016-08-13 11:54:26",53,29,190,0,"1922130"
873972,1,1,"2016-08-13 11:54:30",61,29,198,0,"1922196"
873973,1,0,"2016-08-13 11:54:54",54,29,59,0,"1922555"
873974,1,0,"2016-08-13 11:54:55",59,30,97,0,"1922544"
873975,1,0,"2016-08-13 11:54:56",61,26,102,0,"1922577"
873976,1,1,"2016-08-13 11:54:59",59,32,56,0,"1922629"
873977,1,1,"2016-08-13 11:55:33",64,32,52,0,"1922738"
873978,1,0,"2016-08-13 11:56:11",42,23,95,0,"1922884"
873979,1,1,"2016-08-13 11:56:20",66,32,193,0,"1922986"
873980,1,1,"2016-08-13 11:56:44",37,23,98,0,"1923276"
873981,1,0,"2016-08-13 11:57:56",59,23,95,0,"1923611"
873982,1,1,"2016-08-13 11:58:30",60,30,198,0,"1924009"
873983,1,1,"2016-08-13 11:58:31",68,30,185,0,"1924031"
873984,1,0,"2016-08-13 11:59:10",66,33,89,0,"1924347"
873985,1,1,"2016-08-13 11:59:25",66,31,49,0,"1924363"
873986,1,1,"2016-08-13 11:59:26",61,31,193,0,"1924364"
873987,1,0,"2016-08-13 11:59:57",50,24,98,0,"1924404"
873988,1,0,"2016-08-13 12:00:02",69,33,86,0,"1924499"
873989,1,1,"2016-08-13 12:00:16",60,33,182,0,"1924632"
873990,1,1,"2016-08-13 12:00:22",67,26,188,0,"1924728"
873991,1,1,"2016-08-13 12:00:32",67,29,189,0,"1924876"
873992,1,1,"2016-08-13 12:00:45",66,31,61,0,"1925089"
873993,1,0,"2016-08-13 12:01:52",62,32,103,0,"1925252"
873994,1,0,"2016-08-13 12:01:53",62,31,90,0,"1925256"
873995,1,0,"2016-08-13 12:01:55",64,29,98,0,"1925260"
873996,1,0,"2016-08-13 12:01:58",63,33,98,0,"1925277"
873997,1,1,"2016-08-13 12:02:19",66,30,63,0,"1925481"
873998,1,1,"2016-08-13 12:02:20",61,28,183,0,"1925478"
873999,1,1,"2016-08-13 12:02:24",67,30,186,0,"1925526"
874000,1,1,"2016-08-13 12:02:25",58,31,196,0,"1925536"
874001,1,1,"2016-08-13 12:02:26",65,31,189,0,"1925547"
874002,1,1,"2016-08-13 12:02:27",66,30,178,0,"1925551"
874003,1,1,"2016-08-13 12:02:28",60,30,59,0,"1925566"
874004,1,1,"2016-08-13 12:02:30",68,30,189,0,"1925576"
874005,1,1,"2016-08-13 12:02:33",68,33,183,0,"1925616"
874006,1,1,"2016-08-13 12:03:05",68,31,184,0,"1925867"
874007,1,0,"2016-08-13 12:03:44",71,28,97,0,"1925899"
874008,1,0,"2016-08-13 12:04:14",64,34,96,0,"1926062"
874009,1,0,"2016-08-13 12:04:15",70,28,99,0,"1926068"
874010,1,1,"2016-08-13 12:04:52",66,30,192,0,"1926469"
874011,1,1,"2016-08-13 12:05:09",62,30,188,0,"1926558"
874012,1,0,"2016-08-13 12:05:53",48,29,91,0,"1926617"
874013,1,0,"2016-08-13 12:05:54",68,27,58,0,"1926631"
874014,1,1,"2016-08-13 12:06:16",68,33,178,0,"1926857"
874015,1,1,"2016-08-13 12:06:17",55,22,179,0,"1926887"
874016,1,1,"2016-08-13 12:06:22",66,32,190,0,"1926996"
874017,1,1,"2016-08-13 12:06:25",62,28,187,0,"1927052"
874018,1,1,"2016-08-13 12:06:27",58,32,54,0,"1927075"
874019,1,1,"2016-08-13 12:06:42",56,29,54,0,"1927230"
874020,1,1,"2016-08-13 12:06:43",61,32,50,0,"1927236"
874021,1,1,"2016-08-13 12:06:45",62,26,52,0,"1927268"
874022,1,1,"2016-08-13 12:06:59",48,30,111,0,"1927390"
874023,1,1,"2016-08-13 12:07:09",64,28,192,0,"1927442"
874024,1,0,"2016-08-13 12:07:55",62,26,99,0,"1927498"
874025,1,0,"2016-08-13 12:08:00",60,31,94,0,"1927531"
874026,1,1,"2016-08-13 12:08:15",60,28,185,0,"1927607"
874027,1,1,"2016-08-13 12:08:21",56,30,65,0,"1927719"
874028,1,1,"2016-08-13 12:08:22",68,31,57,0,"1927736"
874029,1,1,"2016-08-13 12:08:24",62,30,192,0,"1927747"
874030,1,0,"2016-08-13 12:08:43",63,32,101,0,"1928010"
874031,1,1,"2016-08-13 12:09:01",64,28,60,0,"1928140"
874032,1,0,"2016-08-13 12:09:04",58,24,91,0,"1928162"
874033,1,0,"2016-08-13 12:09:05",61,30,96,0,"1928171"
874034,1,0,"2016-08-13 12:09:07",66,28,105,0,"1928180"
874035,1,0,"2016-08-13 12:09:08",67,30,100,0,"1928190"
874036,1,1,"2016-08-13 12:09:16",67,31,51,0,"1928239"
874037,1,1,"2016-08-13 12:09:17",65,30,56,0,"1928243"
874038,1,1,"2016-08-13 12:10:25",70,28,57,0,"1928652"
874039,1,1,"2016-08-13 12:10:26",71,31,69,0,"1928675"
874040,1,0,"2016-08-13 12:10:36",45,26,98,0,"1928825"
874041,1,0,"2016-08-13 12:10:46",59,25,57,0,"1929090"
874042,1,0,"2016-08-13 12:10:47",62,32,97,0,"1929136"
874043,1,0,"2016-08-13 12:10:55",65,31,101,0,"1929218"
874044,1,0,"2016-08-13 12:11:46",67,28,89,0,"1929327"
874045,1,0,"2016-08-13 12:11:48",71,30,98,0,"1929328"
874046,1,1,"2016-08-13 12:12:48",67,32,64,0,"1930143"
874047,1,1,"2016-08-13 12:13:29",68,29,53,0,"1930204"
874048,1,0,"2016-08-13 12:13:58",66,32,94,0,"1930246"
874049,1,0,"2016-08-13 12:13:59",57,31,108,0,"1930250"
874050,1,1,"2016-08-13 12:14:01",70,27,58,0,"1930284"
874051,1,1,"2016-08-13 12:14:10",63,29,181,0,"1930336"
874052,1,0,"2016-08-13 12:14:27",61,29,104,0,"1930579"
874053,1,0,"2016-08-13 12:14:40",67,32,133,0,"1930715"
874054,1,0,"2016-08-13 12:16:24",68,22,85,0,"1931340"
874055,1,1,"2016-08-13 12:16:32",64,29,64,0,"1931470"
874056,1,1,"2016-08-13 12:16:36",48,21,50,0,"1931527"
874057,1,1,"2016-08-13 12:16:38",36,19,55,0,"1931592"
874058,1,1,"2016-08-13 12:16:39",71,29,55,0,"1931605"
874059,1,1,"2016-08-13 12:17:23",66,28,182,0,"1931787"
874060,1,0,"2016-08-13 12:18:01",62,29,106,0,"1931894"
874061,1,1,"2016-08-13 12:18:26",67,25,64,0,"1932178"
874062,1,0,"2016-08-13 12:19:04",68,31,95,0,"1932626"
874063,1,0,"2016-08-13 12:19:54",70,31,81,0,"1932693"
874064,1,0,"2016-08-13 12:20:00",66,31,89,0,"1932737"
874065,1,0,"2016-08-13 12:20:16",65,24,92,0,"1932841"
874066,1,0,"2016-08-13 12:21:08",70,31,94,0,"1933364"
874067,1,1,"2016-08-13 12:21:30",66,27,182,0,"1933425"
874068,1,0,"2016-08-13 12:22:02",63,30,100,0,"1933499"
874069,1,0,"2016-08-13 12:22:02",69,27,82,0,"1933522"
874070,1,0,"2016-08-13 12:22:04",62,33,101,0,"1933553"
874071,1,0,"2016-08-13 12:22:05",62,29,102,0,"1933604"
874072,1,0,"2016-08-13 12:22:44",64,32,113,0,"1934071"
874073,1,0,"2016-08-13 12:22:53",68,32,130,0,"1934156"
874074,1,0,"2016-08-13 12:23:01",66,24,98,0,"1934201"
874075,1,1,"2016-08-13 12:23:35",60,29,185,0,"1934257"
874076,1,1,"2016-08-13 12:24:24",58,42,52,0,"1934593"
874077,1,1,"2016-08-13 12:24:27",63,27,50,0,"1934649"
874078,1,0,"2016-08-13 12:24:38",61,25,95,0,"1934810"
874079,1,0,"2016-08-13 12:24:45",61,26,88,0,"1934911"
874080,1,0,"2016-08-13 12:26:00",49,26,62,0,"1935173"
874081,1,0,"2016-08-13 12:26:01",60,31,101,0,"1935171"
874082,1,0,"2016-08-13 12:26:02",61,28,101,0,"1935185"
874083,1,0,"2016-08-13 12:26:04",64,28,97,0,"1935206"
874084,1,0,"2016-08-13 12:26:12",62,32,98,0,"1935254"
874085,1,0,"2016-08-13 12:26:14",44,25,50,0,"1935282"
874086,1,0,"2016-08-13 12:26:16",64,29,107,0,"1935315"
874087,1,1,"2016-08-13 12:26:20",58,25,53,0,"1935373"
874088,1,1,"2016-08-13 12:26:36",46,22,54,0,"1935565"
874089,1,1,"2016-08-13 12:26:42",51,26,60,0,"1935659"
874090,1,0,"2016-08-13 12:28:06",69,28,125,0,"1935937"
874091,1,0,"2016-08-13 12:28:08",69,29,85,0,"1935967"
874092,1,1,"2016-08-13 12:28:26",68,42,201,0,"1936258"
874093,1,0,"2016-08-13 12:28:42",70,31,85,0,"1936483"
874094,1,0,"2016-08-13 12:30:13",68,27,96,0,"1936863"
874095,1,1,"2016-08-13 12:30:21",64,29,53,0,"1937008"
874096,1,0,"2016-08-13 12:30:46",70,32,128,0,"1937306"
874097,1,1,"2016-08-13 12:30:47",50,25,96,0,"1937325"
874098,1,1,"2016-08-13 12:31:19",68,43,190,0,"1937550"
874099,1,0,"2016-08-13 12:32:04",54,28,93,0,"1937645"
874100,1,1,"2016-08-13 12:32:21",65,28,187,0,"1937860"
874101,1,1,"2016-08-13 12:32:22",63,28,188,0,"1937874"
874102,1,1,"2016-08-13 12:32:31",50,27,51,0,"1938005"
874103,1,0,"2016-08-13 12:32:44",71,23,90,0,"1938131"
874104,1,1,"2016-08-13 12:32:58",60,26,192,0,"1938260"
874105,1,0,"2016-08-13 12:33:00",64,29,53,0,"1938283"
874106,1,1,"2016-08-13 12:33:30",62,31,146,0,"1938344"
874107,1,1,"2016-08-13 12:34:24",68,29,196,0,"1938680"
874108,1,0,"2016-08-13 12:34:32",61,29,99,0,"1938779"
874109,1,0,"2016-08-13 12:34:58",70,32,117,0,"1939050"
874110,1,0,"2016-08-13 12:34:59",67,29,59,0,"1939064"
874111,1,0,"2016-08-13 12:35:00",65,32,115,0,"1939069"
874112,1,0,"2016-08-13 12:35:03",70,30,96,0,"1939084"
874113,1,0,"2016-08-13 12:35:53",66,26,100,0,"1939227"
874114,1,1,"2016-08-13 12:36:22",65,28,50,0,"1939516"
874115,1,1,"2016-08-13 12:36:25",67,28,198,0,"1939549"
874116,1,0,"2016-08-13 12:38:00",68,41,94,0,"1940081"
874117,1,0,"2016-08-13 12:38:01",64,26,96,0,"1940094"
874118,1,0,"2016-08-13 12:38:03",69,29,98,0,"1940128"
874119,1,0,"2016-08-13 12:38:05",67,25,61,0,"1940156"
874120,1,0,"2016-08-13 12:38:06",68,28,93,0,"1940144"
874121,1,0,"2016-08-13 12:38:06",58,27,91,0,"1940170"
874122,1,0,"2016-08-13 12:38:07",70,29,90,0,"1940181"
874123,1,0,"2016-08-13 12:38:11",61,23,88,0,"1940231"
874124,1,0,"2016-08-13 12:38:11",70,28,98,0,"1940238"
874125,1,1,"2016-08-13 12:38:22",65,27,51,0,"1940376"
874126,1,1,"2016-08-13 12:38:36",40,26,185,0,"1940525"
874127,1,1,"2016-08-13 12:38:36",62,27,53,0,"1940542"
874128,1,0,"2016-08-13 12:39:59",68,25,84,0,"1940925"
874129,1,0,"2016-08-13 12:40:02",68,27,86,0,"1940949"
874130,1,0,"2016-08-13 12:40:51",67,26,83,0,"1941592"
874131,1,0,"2016-08-13 12:40:54",66,31,104,0,"1941620"
874132,1,0,"2016-08-13 12:40:57",71,30,91,0,"1941654"
874133,1,0,"2016-08-13 12:42:03",68,22,94,0,"1941847"
874134,1,0,"2016-08-13 12:43:07",69,25,89,0,"1942557"
874135,1,0,"2016-08-13 12:44:00",67,29,108,0,"1942734"
874136,1,0,"2016-08-13 12:44:01",67,24,82,0,"1942751"
874137,1,0,"2016-08-13 12:44:02",65,27,93,0,"1942766"
874138,1,0,"2016-08-13 12:45:04",66,29,95,0,"1943305"
874139,1,0,"2016-08-13 12:45:05",69,26,101,0,"1943309"
874140,1,0,"2016-08-13 12:46:05",56,25,97,0,"1943589"
874141,1,0,"2016-08-13 12:46:09",63,25,92,0,"1943628"
874142,1,0,"2016-08-13 12:47:16",55,24,92,0,"1944249"
874143,1,0,"2016-08-13 12:48:02",66,26,101,0,"1944389"
874144,1,0,"2016-08-13 12:48:03",50,23,53,0,"1944405"
874145,1,0,"2016-08-13 12:48:04",66,26,104,0,"1944395"
874146,1,0,"2016-08-13 12:48:56",69,28,114,0,"1944928"
874147,1,0,"2016-08-13 12:49:08",65,31,51,0,"1944962"
874148,1,0,"2016-08-13 12:49:48",62,29,60,0,"1945015"
874149,1,0,"2016-08-13 12:49:49",67,26,95,0,"1945019"
874150,1,0,"2016-08-13 12:49:59",71,48,100,0,"1945071"
874151,1,0,"2016-08-13 12:50:00",70,26,92,0,"1945082"
874152,1,0,"2016-08-13 12:50:00",53,23,92,0,"1945086"
874153,1,0,"2016-08-13 12:51:04",59,26,97,0,"1945759"
874154,1,0,"2016-08-13 12:52:24",57,26,124,0,"1946329"
874155,1,0,"2016-08-13 12:52:25",60,22,92,0,"1946356"
874156,1,0,"2016-08-13 12:52:37",62,29,57,0,"1946546"
874157,1,1,"2016-08-13 12:52:40",45,23,67,0,"1946579"
874158,1,1,"2016-08-13 12:52:41",31,22,198,0,"1946576"
874159,1,1,"2016-08-13 12:53:27",29,19,50,0,"1946801"
874160,1,0,"2016-08-13 12:54:14",54,27,96,0,"1947000"
874161,1,0,"2016-08-13 12:54:16",58,26,55,0,"1947028"
874162,1,0,"2016-08-13 12:54:32",63,27,92,0,"1947232"
874163,1,1,"2016-08-13 12:54:34",45,23,102,0,"1947262"
874164,1,0,"2016-08-13 12:54:41",63,27,94,0,"1947333"
874165,1,0,"2016-08-13 12:54:42",49,25,50,0,"1947369"
874166,1,1,"2016-08-13 12:54:50",38,21,186,0,"1947459"
874167,1,0,"2016-08-13 12:54:57",52,23,100,0,"1947529"
874168,1,0,"2016-08-13 12:55:59",63,27,108,0,"1947745"
874169,1,0,"2016-08-13 12:56:01",56,26,97,0,"1947770"
874170,1,1,"2016-08-13 12:56:17",44,24,50,0,"1947938"
874171,1,1,"2016-08-13 12:56:25",50,17,190,0,"1948024"
874172,1,1,"2016-08-13 12:56:33",48,23,184,0,"1948138"
874173,1,1,"2016-08-13 12:56:35",47,21,49,0,"1948183"
874174,1,1,"2016-08-13 12:56:56",48,22,180,0,"1948456"
874175,1,1,"2016-08-13 12:57:14",53,19,185,0,"1948534"
874176,1,0,"2016-08-13 12:58:00",65,24,62,0,"1948698"
874177,1,0,"2016-08-13 12:58:03",58,26,53,0,"1948724"
874178,1,0,"2016-08-13 12:58:47",58,26,57,0,"1949313"
874179,1,0,"2016-08-13 12:58:54",55,25,52,0,"1949372"
874180,1,1,"2016-08-13 12:58:56",47,23,118,0,"1949399"
874181,1,0,"2016-08-13 12:58:58",57,26,59,0,"1949420"
874182,1,1,"2016-08-13 12:58:59",36,24,64,0,"1949455"
874183,1,1,"2016-08-13 12:59:02",29,17,201,0,"1949469"
874184,1,1,"2016-08-13 12:59:28",53,25,180,0,"1949536"
874185,1,0,"2016-08-13 12:59:56",58,24,93,0,"1949580"
874186,1,0,"2016-08-13 13:00:23",60,27,49,0,"1949801"
874187,1,0,"2016-08-13 13:00:24",63,40,94,0,"1949827"
874188,1,0,"2016-08-13 13:02:01",48,24,52,0,"1950250"
874189,1,0,"2016-08-13 13:02:02",51,15,49,0,"1950263"
874190,1,0,"2016-08-13 13:02:03",56,12,63,0,"1950279"
874191,1,0,"2016-08-13 13:02:06",50,23,94,0,"1950313"
874192,1,0,"2016-08-13 13:02:13",57,24,96,0,"1950400"
874193,1,1,"2016-08-13 13:02:40",40,21,209,0,"1950709"
874194,1,0,"2016-08-13 13:02:44",67,30,91,0,"1950775"
874195,1,1,"2016-08-13 13:02:44",50,21,182,0,"1950766"
874196,1,1,"2016-08-13 13:02:46",42,20,126,0,"1950808"
874197,1,1,"2016-08-13 13:02:51",43,13,203,0,"1950846"
874198,1,1,"2016-08-13 13:03:22",33,9,65,0,"1950987"
874199,1,1,"2016-08-13 13:03:39",29,27,199,0,"1951017"
874200,1,0,"2016-08-13 13:04:02",56,27,50,0,"1951156"
874201,1,1,"2016-08-13 13:04:35",33,20,194,0,"1951478"
874202,1,0,"2016-08-13 13:05:01",38,23,96,0,"1951775"
874203,1,1,"2016-08-13 13:05:11",52,21,182,0,"1951833"
874204,1,1,"2016-08-13 13:05:35",38,8,224,0,"1951917"
874205,1,0,"2016-08-13 13:06:00",46,22,49,0,"1951979"
874206,1,1,"2016-08-13 13:06:23",50,20,183,0,"1952188"
874207,1,0,"2016-08-13 13:07:06",44,21,93,0,"1952682"
874208,1,0,"2016-08-13 13:07:49",29,25,50,0,"1952810"
874209,1,0,"2016-08-13 13:08:16",55,20,89,0,"1953065"
874210,1,1,"2016-08-13 13:08:24",49,8,52,0,"1953241"
874211,1,0,"2016-08-13 13:09:58",49,17,50,0,"1953897"
874212,1,0,"2016-08-13 13:10:16",48,25,107,0,"1954050"
874213,1,1,"2016-08-13 13:10:22",47,26,86,0,"1954112"
874214,1,1,"2016-08-13 13:10:56",46,15,103,0,"1954394"
874215,1,0,"2016-08-13 13:11:05",46,22,58,0,"1954436"
874216,1,0,"2016-08-13 13:11:46",36,22,105,0,"1954492"
874217,1,0,"2016-08-13 13:11:49",34,16,95,0,"1954501"
874218,1,0,"2016-08-13 13:12:07",41,9,52,0,"1954632"
874219,1,0,"2016-08-13 13:12:23",32,22,72,0,"1954865"
874220,1,0,"2016-08-13 13:12:25",29,21,105,0,"1954897"
874221,1,1,"2016-08-13 13:12:49",36,10,189,0,"469"
874222,1,1,"2016-08-13 13:14:06",53,19,190,0,"697"
874223,1,0,"2016-08-13 13:16:01",42,10,93,0,"1309"
874224,1,1,"2016-08-13 13:16:21",42,19,193,0,"1541"
874225,1,0,"2016-08-13 13:17:47",48,36,102,0,"2153"
874226,1,0,"2016-08-13 13:17:53",46,11,56,0,"2176"
874227,1,0,"2016-08-13 13:17:54",40,22,59,0,"2183"
874228,1,1,"2016-08-13 13:19:13",39,17,50,0,"2842"
874229,1,0,"2016-08-13 13:20:00",51,19,127,0,"2964"
874230,1,0,"2016-08-13 13:20:42",59,20,62,0,"3397"
874231,1,0,"2016-08-13 13:20:45",31,10,52,0,"3443"
874232,1,0,"2016-08-13 13:22:01",32,15,57,0,"3900"
874233,1,0,"2016-08-13 13:22:03",34,23,91,0,"3918"
874234,1,1,"2016-08-13 13:27:25",39,21,78,0,"6835"
874235,1,1,"2016-08-13 13:27:25",30,10,191,0,"6829"
874236,1,0,"2016-08-13 13:27:59",35,20,90,0,"6952"
874237,1,1,"2016-08-13 13:28:23",46,25,65,0,"7335"
874238,1,1,"2016-08-13 13:28:31",30,29,69,0,"7449"
874239,1,0,"2016-08-13 13:29:58",46,19,92,0,"7869"
874240,1,0,"2016-08-13 13:29:59",49,23,87,0,"7881"
874241,1,0,"2016-08-13 13:30:01",51,16,98,0,"7891"
874242,1,1,"2016-08-13 13:30:27",34,20,186,0,"8124"
874243,1,0,"2016-08-13 13:30:53",45,22,103,0,"8361"
874244,1,0,"2016-08-13 13:32:10",48,23,91,0,"8615"
874245,1,0,"2016-08-13 13:32:16",46,21,108,0,"8651"
874246,1,1,"2016-08-13 13:32:28",45,19,53,0,"8862"
874247,1,1,"2016-08-13 13:32:56",33,22,200,0,"9114"
874248,1,1,"2016-08-13 13:33:03",43,19,191,0,"9153"
874249,1,1,"2016-08-13 13:33:09",42,6,59,0,"9197"
874250,1,0,"2016-08-13 13:33:56",33,12,60,0,"9303"
874251,1,1,"2016-08-13 13:35:04",46,17,61,0,"9870"
874252,1,0,"2016-08-13 13:35:07",32,16,59,0,"9888"
874253,1,0,"2016-08-13 13:35:09",30,14,84,0,"9905"
874254,1,0,"2016-08-13 13:35:54",39,22,102,0,"9979"
874255,1,1,"2016-08-13 13:36:24",39,20,70,0,"10296"
874256,1,0,"2016-08-13 13:36:39",48,23,55,0,"10496"
874257,1,0,"2016-08-13 13:37:00",30,14,71,0,"10631"
874258,1,0,"2016-08-13 13:37:02",34,18,89,0,"10643"
874259,1,0,"2016-08-13 13:37:55",29,11,121,0,"10899"
874260,1,0,"2016-08-13 13:37:58",41,21,117,0,"10921"
874261,1,1,"2016-08-13 13:40:41",29,20,182,0,"12002"
874262,1,0,"2016-08-13 13:43:59",29,16,95,0,"13368"
874263,1,0,"2016-08-13 13:43:59",47,22,86,0,"13374"
874264,1,0,"2016-08-13 13:44:00",51,20,91,0,"13383"
874265,1,0,"2016-08-13 13:44:12",33,21,98,0,"13499"
874266,1,0,"2016-08-13 13:45:46",47,11,76,0,"14279"
874267,1,0,"2016-08-13 13:46:04",50,21,62,0,"14389"
874268,1,0,"2016-08-13 13:47:01",33,10,83,0,"14958"
874269,1,0,"2016-08-13 13:47:11",42,14,81,0,"15017"
874270,1,0,"2016-08-13 13:47:50",48,12,106,0,"15104"
874271,1,0,"2016-08-13 13:47:54",40,9,73,0,"15131"
874272,1,0,"2016-08-13 13:47:57",46,11,63,0,"15150"
874273,1,0,"2016-08-13 13:48:01",44,11,91,0,"15173"
874274,1,0,"2016-08-13 13:48:07",32,21,93,0,"15364"
874275,1,0,"2016-08-13 13:48:08",48,21,90,0,"15373"
874276,1,1,"2016-08-13 13:48:46",44,29,183,0,"15959"
874277,1,0,"2016-08-13 13:48:53",43,20,99,0,"16087"
874278,1,0,"2016-08-13 13:49:47",33,19,103,0,"16300"
874279,1,0,"2016-08-13 13:49:58",43,22,90,0,"16353"
874280,1,1,"2016-08-13 13:51:22",36,18,61,0,"17124"
874281,1,0,"2016-08-13 13:52:17",41,25,98,0,"17349"
874282,1,0,"2016-08-13 13:52:22",52,20,93,0,"17424"
874283,1,0,"2016-08-13 13:53:02",33,14,94,0,"17912"
874284,1,0,"2016-08-13 13:56:00",42,31,110,0,"18767"
874285,1,0,"2016-08-13 13:56:04",50,17,93,0,"18783"
874286,1,1,"2016-08-13 14:04:29",32,11,64,0,"22221"
874287,1,0,"2016-08-13 14:06:58",29,14,103,0,"23352"
874288,1,0,"2016-08-13 14:08:03",45,18,102,0,"23588"
874289,1,0,"2016-08-13 14:08:04",41,15,97,0,"23590"
874290,1,1,"2016-08-13 14:10:30",47,21,49,0,"24779"
874291,1,0,"2016-08-13 14:10:41",40,20,77,0,"24937"
874292,1,0,"2016-08-13 14:12:31",30,19,50,0,"25691"
874293,1,0,"2016-08-13 14:14:26",35,11,98,0,"26396"
874294,1,0,"2016-08-13 14:15:58",46,16,104,0,"26918"
874295,1,1,"2016-08-13 14:18:35",40,11,61,0,"28547"
874296,1,1,"2016-08-13 14:20:41",30,21,120,0,"29798"
874297,1,0,"2016-08-13 14:23:49",46,14,61,0,"31552"
874298,1,1,"2016-08-13 14:24:26",59,20,102,0,"31904"
874299,1,0,"2016-08-13 14:24:54",49,14,53,0,"32296"
874300,1,0,"2016-08-13 14:26:03",36,22,113,0,"32666"
874301,1,1,"2016-08-13 14:26:48",57,14,81,0,"33415"
874302,1,0,"2016-08-13 14:30:01",29,12,94,0,"34881"
874303,1,0,"2016-08-13 14:31:52",42,16,70,0,"35679"
874304,1,0,"2016-08-13 14:31:55",48,12,55,0,"35694"
874305,1,0,"2016-08-13 14:32:04",30,18,101,0,"35751"
874306,1,0,"2016-08-13 14:33:01",34,21,136,0,"36556"
874307,1,1,"2016-08-13 14:34:32",34,20,126,0,"37338"
874308,1,0,"2016-08-13 14:36:03",44,20,109,0,"38009"
874309,1,0,"2016-08-13 14:36:04",65,38,99,0,"38028"
874310,1,0,"2016-08-13 14:39:08",39,11,128,0,"39825"
874311,1,0,"2016-08-13 14:39:09",32,24,102,0,"39833"
874312,1,1,"2016-08-13 14:42:53",41,20,174,0,"41944"
874313,1,1,"2016-08-13 14:42:56",37,20,185,0,"41967"
874314,1,1,"2016-08-13 14:44:25",34,21,188,0,"42740"
874315,1,1,"2016-08-13 14:44:26",43,21,187,0,"42751"
874316,1,1,"2016-08-13 14:44:28",30,21,214,0,"42777"
874317,1,1,"2016-08-13 14:44:28",38,22,177,0,"42784"
874318,1,0,"2016-08-13 14:44:38",46,21,100,0,"42980"
874319,1,1,"2016-08-13 14:46:18",45,12,210,0,"43726"
874320,1,1,"2016-08-13 14:47:31",35,17,179,0,"44494"
874321,1,0,"2016-08-13 14:48:02",37,21,106,0,"44596"
874322,1,1,"2016-08-13 14:50:25",53,27,188,0,"45986"
874323,1,1,"2016-08-13 14:50:29",52,28,182,0,"46058"
874324,1,0,"2016-08-13 14:51:54",52,28,99,0,"46523"
874325,1,0,"2016-08-13 14:51:56",56,26,95,0,"46529"
874326,1,0,"2016-08-13 14:52:05",32,20,98,0,"46620"
874327,1,0,"2016-08-13 14:52:07",45,19,86,0,"46653"
874328,1,1,"2016-08-13 14:52:18",50,24,203,0,"46813"
874329,1,1,"2016-08-13 14:52:22",55,25,194,0,"46864"
874330,1,0,"2016-08-13 14:52:38",44,30,101,0,"47041"
874331,1,1,"2016-08-13 14:52:46",48,25,181,0,"47135"
874332,1,1,"2016-08-13 14:52:51",52,21,189,0,"47174"
874333,1,0,"2016-08-13 14:54:04",58,31,86,0,"47502"
874334,1,0,"2016-08-13 14:54:05",56,32,102,0,"47513"
874335,1,0,"2016-08-13 14:54:06",57,34,96,0,"47529"
874336,1,0,"2016-08-13 14:54:08",59,31,105,0,"47545"
874337,1,0,"2016-08-13 14:54:11",48,25,103,0,"47559"
874338,1,1,"2016-08-13 14:54:44",51,24,191,0,"47997"
874339,1,1,"2016-08-13 14:54:46",47,24,188,0,"48031"
874340,1,0,"2016-08-13 14:55:08",54,27,95,0,"48328"
874341,1,1,"2016-08-13 14:55:24",52,28,187,0,"48355"
874342,1,0,"2016-08-13 14:56:01",51,25,99,0,"48458"
874343,1,1,"2016-08-13 14:56:46",46,26,198,0,"49025"
874344,1,0,"2016-08-13 14:58:20",47,24,100,0,"49515"
874345,1,0,"2016-08-13 14:59:55",53,29,93,0,"50288"
874346,1,0,"2016-08-13 14:59:57",51,24,91,0,"50301"
874347,1,0,"2016-08-13 14:59:57",55,26,91,0,"50315"
874348,1,0,"2016-08-13 14:59:59",51,20,90,0,"50331"
874349,1,0,"2016-08-13 15:00:00",44,21,50,0,"50355"
874350,1,0,"2016-08-13 15:00:03",47,24,98,0,"50371"
874351,1,0,"2016-08-13 15:00:05",52,21,98,0,"50417"
874352,1,1,"2016-08-13 15:00:52",51,28,187,0,"50869"
874353,1,1,"2016-08-13 15:00:54",54,27,187,0,"50893"
874354,1,1,"2016-08-13 15:00:55",48,26,188,0,"50909"
874355,1,1,"2016-08-13 15:01:20",54,29,191,0,"51056"
874356,1,0,"2016-08-13 15:02:54",52,27,98,0,"51717"
874357,1,0,"2016-08-13 15:04:02",54,28,97,0,"52093"
874358,1,0,"2016-08-13 15:04:04",49,28,101,0,"52118"
874359,1,0,"2016-08-13 15:04:05",58,30,101,0,"52129"
874360,1,0,"2016-08-13 15:04:41",53,25,99,0,"52659"
874361,1,0,"2016-08-13 15:04:44",50,25,92,0,"52697"
874362,1,1,"2016-08-13 15:05:15",49,25,179,0,"52878"
874363,1,0,"2016-08-13 15:06:01",60,34,93,0,"52993"
874364,1,0,"2016-08-13 15:06:02",48,30,94,0,"53008"
874365,1,1,"2016-08-13 15:06:13",46,23,186,0,"53151"
874366,1,1,"2016-08-13 15:06:15",55,28,75,0,"53179"
874367,1,0,"2016-08-13 15:09:54",52,31,95,0,"54722"
874368,1,0,"2016-08-13 15:09:57",55,32,109,0,"54738"
874369,1,0,"2016-08-13 15:10:00",57,31,95,0,"54767"
874370,1,0,"2016-08-13 15:10:01",59,31,92,0,"54770"
874371,1,1,"2016-08-13 15:10:21",56,27,201,0,"55072"
874372,1,1,"2016-08-13 15:10:22",61,26,190,0,"55092"
874373,1,1,"2016-08-13 15:10:23",56,28,180,0,"55112"
874374,1,1,"2016-08-13 15:11:20",56,28,187,0,"55582"
874375,1,1,"2016-08-13 15:12:21",59,31,175,0,"55905"
874376,1,0,"2016-08-13 15:12:55",56,33,103,0,"56413"
874377,1,1,"2016-08-13 15:14:21",46,28,180,0,"56878"
874378,1,0,"2016-08-13 15:14:24",55,31,95,0,"56909"
874379,1,1,"2016-08-13 15:16:18",62,33,187,0,"57601"
874380,1,0,"2016-08-13 15:16:27",52,29,93,0,"57716"
874381,1,0,"2016-08-13 15:16:31",56,30,91,0,"57779"
874382,1,0,"2016-08-13 15:16:59",53,33,95,0,"58043"
874383,1,0,"2016-08-13 15:17:08",51,28,97,0,"58066"
874384,1,1,"2016-08-13 15:17:11",60,29,121,0,"58073"
874385,1,1,"2016-08-13 15:17:15",52,27,184,0,"58076"
874386,1,0,"2016-08-13 15:18:00",52,27,121,0,"58210"
874387,1,0,"2016-08-13 15:18:04",45,23,94,0,"58255"
874388,1,0,"2016-08-13 15:18:06",54,24,90,0,"58262"
874389,1,0,"2016-08-13 15:18:07",59,32,99,0,"58278"
874390,1,1,"2016-08-13 15:18:16",52,28,179,0,"58418"
874391,1,0,"2016-08-13 15:18:19",52,28,92,0,"58476"
874392,1,0,"2016-08-13 15:18:24",35,21,94,0,"58562"
874393,1,0,"2016-08-13 15:18:31",50,28,96,0,"58641"
874394,1,1,"2016-08-13 15:18:31",66,45,182,0,"58640"
874395,1,1,"2016-08-13 15:18:54",52,28,184,0,"58961"
874396,1,0,"2016-08-13 15:19:34",52,31,100,0,"59089"
874397,1,0,"2016-08-13 15:19:56",53,32,92,0,"59127"
874398,1,1,"2016-08-13 15:20:01",70,32,131,0,"59181"
874399,1,0,"2016-08-13 15:20:01",70,29,97,0,"59190"
874400,1,1,"2016-08-13 15:20:14",52,28,54,0,"59367"
874401,1,1,"2016-08-13 15:20:15",47,24,181,0,"59379"
874402,1,0,"2016-08-13 15:20:18",51,28,56,0,"59451"
874403,1,1,"2016-08-13 15:20:20",52,23,82,0,"59488"
874404,1,0,"2016-08-13 15:20:52",48,26,96,0,"59908"
874405,1,1,"2016-08-13 15:22:26",49,30,138,0,"60345"
874406,1,0,"2016-08-13 15:22:48",49,25,105,0,"60626"
874407,1,0,"2016-08-13 15:23:39",56,31,101,0,"60865"
874408,1,1,"2016-08-13 15:24:24",54,25,87,0,"61244"
874409,1,1,"2016-08-13 15:24:34",51,25,90,0,"61411"
874410,1,0,"2016-08-13 15:24:45",55,28,100,0,"61525"
874411,1,0,"2016-08-13 15:24:48",61,30,102,0,"61554"
874412,1,0,"2016-08-13 15:25:55",62,32,104,0,"61726"
874413,1,0,"2016-08-13 15:26:18",65,31,53,0,"61949"
874414,1,0,"2016-08-13 15:26:19",56,30,92,0,"61973"
874415,1,1,"2016-08-13 15:26:26",46,25,71,0,"62122"
874416,1,0,"2016-08-13 15:26:38",51,29,97,0,"62377"
874417,1,1,"2016-08-13 15:26:54",51,25,51,0,"62627"
874418,1,0,"2016-08-13 15:27:58",51,28,50,0,"62908"
874419,1,1,"2016-08-13 15:28:42",60,10,64,0,"63500"
874420,1,1,"2016-08-13 15:28:42",32,24,158,0,"63484"
874421,1,1,"2016-08-13 15:28:47",67,42,180,0,"63552"
874422,1,1,"2016-08-13 15:28:51",53,28,150,0,"63611"
874423,1,1,"2016-08-13 15:28:52",53,23,54,0,"63650"
874424,1,1,"2016-08-13 15:28:58",41,22,195,0,"63704"
874425,1,0,"2016-08-13 15:30:00",51,25,98,0,"63870"
874426,1,1,"2016-08-13 15:30:23",43,24,142,0,"64162"
874427,1,1,"2016-08-13 15:30:25",29,23,187,0,"64201"
874428,1,0,"2016-08-13 15:30:44",33,24,85,0,"64549"
874429,1,0,"2016-08-13 15:31:01",51,27,105,0,"64701"
874430,1,0,"2016-08-13 15:31:04",60,27,94,0,"64707"
874431,1,0,"2016-08-13 15:31:11",46,24,91,0,"64727"
874432,1,0,"2016-08-13 15:31:56",57,27,105,0,"64782"
874433,1,0,"2016-08-13 15:32:03",55,27,93,0,"64829"
874434,1,0,"2016-08-13 15:32:10",47,27,91,0,"64901"
874435,1,1,"2016-08-13 15:32:25",51,22,193,0,"65178"
874436,1,1,"2016-08-13 15:32:26",51,26,63,0,"65213"
874437,1,1,"2016-08-13 15:32:28",54,25,194,0,"65218"
874438,1,1,"2016-08-13 15:32:29",52,25,173,0,"65236"
874439,1,1,"2016-08-13 15:32:51",42,21,179,0,"65531"
874440,1,1,"2016-08-13 15:32:53",51,23,177,0,"65560"
874441,1,1,"2016-08-13 15:33:09",48,27,79,0,"65727"
874442,1,0,"2016-08-13 15:33:17",45,26,97,0,"65761"
874443,1,0,"2016-08-13 15:33:59",71,30,95,0,"65897"
874444,1,0,"2016-08-13 15:34:01",65,27,104,0,"65915"
874445,1,0,"2016-08-13 15:34:19",61,29,97,0,"66216"
874446,1,0,"2016-08-13 15:35:57",67,26,110,0,"67054"
874447,1,1,"2016-08-13 15:36:05",34,21,53,0,"67123"
874448,1,1,"2016-08-13 15:36:32",53,27,49,0,"67509"
874449,1,1,"2016-08-13 15:36:55",48,11,107,0,"67805"
874450,1,1,"2016-08-13 15:36:57",35,10,120,0,"67837"
874451,1,1,"2016-08-13 15:37:30",55,27,165,0,"68040"
874452,1,1,"2016-08-13 15:37:31",55,25,168,0,"68047"
874453,1,1,"2016-08-13 15:37:35",71,29,180,0,"68056"
874454,1,1,"2016-08-13 15:37:40",70,30,179,0,"68067"
874455,1,0,"2016-08-13 15:38:02",56,39,111,0,"68208"
874456,1,0,"2016-08-13 15:38:22",49,25,101,0,"68454"
874457,1,0,"2016-08-13 15:38:54",44,24,95,0,"69088"
874458,1,0,"2016-08-13 15:39:51",33,6,95,0,"69399"
874459,1,0,"2016-08-13 15:39:54",30,19,121,0,"69418"
874460,1,0,"2016-08-13 15:39:54",34,26,88,0,"69429"
874461,1,0,"2016-08-13 15:39:55",38,21,91,0,"69437"
874462,1,0,"2016-08-13 15:40:45",61,26,95,0,"70204"
874463,1,0,"2016-08-13 15:41:55",60,27,109,0,"70587"
874464,1,0,"2016-08-13 15:41:57",52,21,95,0,"70605"
874465,1,0,"2016-08-13 15:43:17",62,26,95,0,"71453"
874466,1,0,"2016-08-13 15:43:18",67,22,58,0,"71457"
874467,1,0,"2016-08-13 15:44:11",68,30,93,0,"71628"
874468,1,1,"2016-08-13 15:44:17",49,27,53,0,"71708"
874469,1,0,"2016-08-13 15:45:53",55,29,91,0,"72421"
874470,1,0,"2016-08-13 15:46:39",59,31,94,0,"72981"
874471,1,0,"2016-08-13 15:48:01",35,24,97,0,"73537"
874472,1,0,"2016-08-13 15:48:03",49,24,96,0,"73553"
874473,1,0,"2016-08-13 15:49:07",56,26,95,0,"74429"
874474,1,1,"2016-08-13 15:50:22",47,27,193,0,"74884"
874475,1,0,"2016-08-13 15:50:53",60,29,97,0,"75213"
874476,1,0,"2016-08-13 15:50:54",57,28,88,0,"75226"
874477,1,1,"2016-08-13 15:52:16",51,30,50,0,"75756"
874478,1,1,"2016-08-13 15:52:17",46,28,50,0,"75786"
874479,1,1,"2016-08-13 15:52:22",56,28,50,0,"75883"
874480,1,1,"2016-08-13 15:52:45",37,29,186,0,"76126"
874481,1,0,"2016-08-13 15:52:58",69,33,91,0,"76408"
874482,1,1,"2016-08-13 15:53:18",32,26,181,0,"76500"
874483,1,1,"2016-08-13 15:54:34",55,27,185,0,"77112"
874484,1,0,"2016-08-13 15:56:02",62,29,95,0,"77713"
874485,1,0,"2016-08-13 15:56:07",51,27,99,0,"77775"
874486,1,1,"2016-08-13 15:57:12",50,29,158,0,"78739"
874487,1,0,"2016-08-13 15:57:57",52,24,92,0,"78987"
874488,1,0,"2016-08-13 15:58:02",54,28,102,0,"79053"
874489,1,0,"2016-08-13 15:58:05",51,28,86,0,"79082"
874490,1,0,"2016-08-13 15:58:06",52,24,100,0,"79091"
874491,1,0,"2016-08-13 15:58:10",33,24,108,0,"79135"
874492,1,1,"2016-08-13 15:58:42",70,30,120,0,"79755"
874493,1,1,"2016-08-13 15:58:43",67,23,205,0,"79726"
874494,1,1,"2016-08-13 15:58:46",62,29,162,0,"79790"
874495,1,1,"2016-08-13 15:58:49",56,30,170,0,"79835"
874496,1,0,"2016-08-13 16:00:03",59,28,99,0,"80135"
874497,1,0,"2016-08-13 16:00:04",70,28,99,0,"80150"
874498,1,0,"2016-08-13 16:00:05",53,27,93,0,"80164"
874499,1,0,"2016-08-13 16:00:07",52,30,99,0,"80182"
874500,1,0,"2016-08-13 16:00:10",54,25,95,0,"80203"
874501,1,0,"2016-08-13 16:00:12",31,21,96,0,"80258"
874502,1,1,"2016-08-13 16:00:32",51,24,159,0,"80672"
874503,1,1,"2016-08-13 16:00:51",52,25,185,0,"80974"
874504,1,0,"2016-08-13 16:00:56",59,28,98,0,"81020"
874505,1,0,"2016-08-13 16:01:02",60,27,98,0,"81054"
874506,1,1,"2016-08-13 16:01:26",55,25,92,0,"81176"
874507,1,1,"2016-08-13 16:02:27",47,27,174,0,"81680"
874508,1,1,"2016-08-13 16:02:29",58,26,194,0,"81721"
874509,1,0,"2016-08-13 16:02:31",59,27,94,0,"81766"
874510,1,0,"2016-08-13 16:03:02",62,32,94,0,"82159"
874511,1,1,"2016-08-13 16:03:26",42,26,186,0,"82269"
874512,1,1,"2016-08-13 16:03:32",51,27,189,0,"82285"
874513,1,0,"2016-08-13 16:04:02",48,27,98,0,"82403"
874514,1,1,"2016-08-13 16:04:20",59,28,203,0,"82600"
874515,1,0,"2016-08-13 16:04:24",52,26,99,0,"82655"
874516,1,1,"2016-08-13 16:05:16",65,25,184,0,"83270"
874517,1,0,"2016-08-13 16:05:31",60,28,95,0,"83308"
874518,1,0,"2016-08-13 16:05:45",70,35,100,0,"83340"
874519,1,0,"2016-08-13 16:05:58",53,28,96,0,"83438"
874520,1,1,"2016-08-13 16:06:12",55,30,191,0,"83582"
874521,1,1,"2016-08-13 16:06:33",48,25,187,0,"84024"
874522,1,1,"2016-08-13 16:06:36",55,22,178,0,"84050"
874523,1,0,"2016-08-13 16:07:01",46,23,95,0,"84387"
874524,1,1,"2016-08-13 16:07:20",61,26,177,0,"84516"
874525,1,1,"2016-08-13 16:08:10",51,19,163,0,"84800"
874526,1,0,"2016-08-13 16:10:00",62,32,95,0,"85783"
874527,1,0,"2016-08-13 16:10:02",52,24,99,0,"85789"
874528,1,1,"2016-08-13 16:11:25",50,27,187,0,"86630"
874529,1,0,"2016-08-13 16:12:00",43,28,91,0,"86706"
874530,1,1,"2016-08-13 16:12:16",61,28,198,0,"86854"
874531,1,0,"2016-08-13 16:13:53",54,28,97,0,"87607"
874532,1,0,"2016-08-13 16:13:55",49,25,91,0,"87622"
874533,1,1,"2016-08-13 16:14:18",52,24,88,0,"87951"
874534,1,1,"2016-08-13 16:14:25",59,26,194,0,"88106"
874535,1,1,"2016-08-13 16:14:26",55,26,198,0,"88124"
874536,1,0,"2016-08-13 16:14:57",54,27,87,0,"88505"
874537,1,0,"2016-08-13 16:15:09",51,25,98,0,"88595"
874538,1,0,"2016-08-13 16:15:10",53,23,101,0,"88604"
874539,1,0,"2016-08-13 16:15:12",51,27,104,0,"88606"
874540,1,1,"2016-08-13 16:15:18",50,25,192,0,"88623"
874541,1,1,"2016-08-13 16:16:03",51,23,187,0,"88732"
874542,1,0,"2016-08-13 16:16:08",37,24,99,0,"88786"
874543,1,1,"2016-08-13 16:16:22",56,26,184,0,"88953"
874544,1,0,"2016-08-13 16:16:54",53,30,96,0,"89362"
874545,1,1,"2016-08-13 16:16:57",65,26,113,0,"89367"
874546,1,0,"2016-08-13 16:18:02",50,24,104,0,"89637"
874547,1,0,"2016-08-13 16:18:03",51,28,103,0,"89655"
874548,1,0,"2016-08-13 16:18:04",47,25,97,0,"89671"
874549,1,1,"2016-08-13 16:18:12",55,27,196,0,"89749"
874550,1,1,"2016-08-13 16:18:25",43,24,178,0,"89990"
874551,1,1,"2016-08-13 16:18:27",43,22,185,0,"90033"
874552,1,0,"2016-08-13 16:19:05",55,31,99,0,"90509"
874553,1,0,"2016-08-13 16:19:06",54,26,104,0,"90520"
874554,1,1,"2016-08-13 16:19:19",30,22,198,0,"90561"
874555,1,0,"2016-08-13 16:20:02",53,29,86,0,"90687"
874556,1,1,"2016-08-13 16:20:35",57,27,194,0,"91107"
874557,1,1,"2016-08-13 16:20:37",61,30,190,0,"91146"
874558,1,0,"2016-08-13 16:21:59",52,23,93,0,"91537"
874559,1,0,"2016-08-13 16:22:02",51,21,90,0,"91552"
874560,1,0,"2016-08-13 16:22:03",48,24,101,0,"91567"
874561,1,0,"2016-08-13 16:22:05",53,26,102,0,"91584"
874562,1,1,"2016-08-13 16:22:15",51,27,180,0,"91743"
874563,1,1,"2016-08-13 16:22:28",50,23,182,0,"91969"
874564,1,0,"2016-08-13 16:23:00",57,27,93,0,"92349"
874565,1,0,"2016-08-13 16:24:53",67,29,111,0,"93453"
874566,1,0,"2016-08-13 16:24:54",71,31,86,0,"93462"
874567,1,0,"2016-08-13 16:25:48",59,33,95,0,"93720"
874568,1,0,"2016-08-13 16:25:54",53,26,104,0,"93776"
874569,1,1,"2016-08-13 16:26:16",57,25,201,0,"93991"
874570,1,0,"2016-08-13 16:26:27",57,19,101,0,"94145"
874571,1,0,"2016-08-13 16:26:39",31,22,130,0,"94293"
874572,1,1,"2016-08-13 16:26:55",64,32,181,0,"94452"
874573,1,0,"2016-08-13 16:27:59",60,30,87,0,"94719"
874574,1,0,"2016-08-13 16:28:04",60,31,93,0,"94758"
874575,1,0,"2016-08-13 16:28:07",71,29,91,0,"94790"
874576,1,1,"2016-08-13 16:28:10",58,24,193,0,"94877"
874577,1,0,"2016-08-13 16:28:18",52,21,89,0,"94988"
874578,1,1,"2016-08-13 16:28:25",53,29,118,0,"95133"
874579,1,1,"2016-08-13 16:28:33",55,26,190,0,"95295"
874580,1,1,"2016-08-13 16:30:03",57,30,88,0,"95814"
874581,1,1,"2016-08-13 16:30:22",66,29,183,0,"96122"
874582,1,1,"2016-08-13 16:31:27",63,28,187,0,"96975"
874583,1,0,"2016-08-13 16:34:08",53,25,91,0,"98183"
874584,1,1,"2016-08-13 16:34:27",53,27,180,0,"98447"
874585,1,1,"2016-08-13 16:34:28",56,25,182,0,"98458"
874586,1,1,"2016-08-13 16:34:43",53,25,190,0,"98679"
874587,1,0,"2016-08-13 16:34:53",57,26,90,0,"98790"
874588,1,1,"2016-08-13 16:34:59",55,27,181,0,"98843"
874589,1,0,"2016-08-13 16:35:06",53,25,106,0,"98920"
874590,1,0,"2016-08-13 16:35:06",52,27,96,0,"98926"
874591,1,0,"2016-08-13 16:35:55",55,29,92,0,"99094"
874592,1,1,"2016-08-13 16:36:24",56,26,182,0,"99458"
874593,1,1,"2016-08-13 16:36:28",62,28,191,0,"99525"
874594,1,1,"2016-08-13 16:36:30",61,29,186,0,"99567"
874595,1,1,"2016-08-13 16:36:36",68,46,202,0,"99623"
874596,1,1,"2016-08-13 16:36:37",64,28,68,0,"99662"
874597,1,1,"2016-08-13 16:36:53",69,29,194,0,"99780"
874598,1,0,"2016-08-13 16:37:18",56,28,91,0,"99898"
874599,1,0,"2016-08-13 16:37:21",57,26,50,0,"99907"
874600,1,0,"2016-08-13 16:37:58",56,27,96,0,"100007"
874601,1,1,"2016-08-13 16:38:09",60,25,203,0,"100109"
874602,1,1,"2016-08-13 16:38:10",61,29,189,0,"100115"
874603,1,0,"2016-08-13 16:40:00",66,29,101,0,"100783"
874604,1,0,"2016-08-13 16:40:01",53,26,97,0,"100790"
874605,1,0,"2016-08-13 16:40:03",55,28,100,0,"100796"
874606,1,0,"2016-08-13 16:40:04",64,27,94,0,"100806"
874607,1,0,"2016-08-13 16:40:57",64,32,108,0,"101489"
874608,1,1,"2016-08-13 16:40:58",57,26,55,0,"101495"
874609,1,1,"2016-08-13 16:41:21",62,28,193,0,"101545"
874610,1,0,"2016-08-13 16:42:02",47,24,101,0,"101700"
874611,1,1,"2016-08-13 16:42:13",64,28,192,0,"101813"
874612,1,1,"2016-08-13 16:42:15",65,27,187,0,"101850"
874613,1,1,"2016-08-13 16:42:23",58,29,179,0,"101958"
874614,1,1,"2016-08-13 16:42:25",59,26,188,0,"101986"
874615,1,1,"2016-08-13 16:42:26",45,24,199,0,"102012"
874616,1,0,"2016-08-13 16:42:27",63,29,51,0,"102049"
874617,1,0,"2016-08-13 16:42:29",68,26,99,0,"102076"
874618,1,1,"2016-08-13 16:42:32",52,26,103,0,"102140"
874619,1,1,"2016-08-13 16:42:34",52,27,190,0,"102152"
874620,1,0,"2016-08-13 16:42:45",52,21,101,0,"102353"
874621,1,0,"2016-08-13 16:42:46",53,26,102,0,"102364"
874622,1,0,"2016-08-13 16:43:09",45,24,92,0,"102543"
874623,1,1,"2016-08-13 16:43:21",43,24,186,0,"102581"
874624,1,1,"2016-08-13 16:44:54",36,26,186,0,"103355"
874625,1,0,"2016-08-13 16:45:04",58,27,98,0,"103459"
874626,1,1,"2016-08-13 16:46:18",47,23,198,0,"103868"
874627,1,0,"2016-08-13 16:46:50",53,26,77,0,"104362"
874628,1,0,"2016-08-13 16:46:52",56,24,101,0,"104385"
874629,1,0,"2016-08-13 16:46:59",54,26,105,0,"104428"
874630,1,0,"2016-08-13 16:48:01",59,31,110,0,"104616"
874631,1,0,"2016-08-13 16:48:03",62,27,106,0,"104643"
874632,1,0,"2016-08-13 16:48:04",54,27,90,0,"104655"
874633,1,0,"2016-08-13 16:48:13",55,20,101,0,"104800"
874634,1,1,"2016-08-13 16:48:22",52,23,186,0,"104964"
874635,1,1,"2016-08-13 16:48:26",59,25,192,0,"105049"
874636,1,0,"2016-08-13 16:48:56",61,28,93,0,"105416"
874637,1,1,"2016-08-13 16:49:07",70,28,197,0,"105475"
874638,1,0,"2016-08-13 16:50:02",51,27,101,0,"105670"
874639,1,0,"2016-08-13 16:50:06",51,23,94,0,"105702"
874640,1,0,"2016-08-13 16:50:12",62,28,93,0,"105793"
874641,1,0,"2016-08-13 16:50:16",49,26,94,0,"105885"
874642,1,0,"2016-08-13 16:51:02",56,25,96,0,"106872"
874643,1,0,"2016-08-13 16:51:03",57,24,96,0,"106874"
874644,1,0,"2016-08-13 16:51:55",55,27,96,0,"107013"
874645,1,0,"2016-08-13 16:52:12",61,28,118,0,"107168"
874646,1,0,"2016-08-13 16:52:29",60,28,99,0,"107477"
874647,1,1,"2016-08-13 16:52:42",56,20,189,0,"107604"
874648,1,1,"2016-08-13 16:52:48",59,29,195,0,"107657"
874649,1,0,"2016-08-13 16:54:15",54,25,95,0,"108095"
874650,1,1,"2016-08-13 16:54:24",52,23,184,0,"108261"
874651,1,1,"2016-08-13 16:55:05",47,21,182,0,"108777"
874652,1,0,"2016-08-13 16:55:53",56,29,107,0,"108860"
874653,1,1,"2016-08-13 16:56:16",61,30,188,0,"109050"
874654,1,0,"2016-08-13 16:56:31",60,29,106,0,"109276"
874655,1,0,"2016-08-13 16:56:34",53,25,93,0,"109312"
874656,1,1,"2016-08-13 16:56:38",60,28,190,0,"109357"
874657,1,1,"2016-08-13 16:56:45",67,28,189,0,"109437"
874658,1,1,"2016-08-13 16:56:46",71,29,182,0,"109448"
874659,1,0,"2016-08-13 16:57:02",56,29,93,0,"109617"
874660,1,0,"2016-08-13 16:57:06",59,29,89,0,"109664"
874661,1,0,"2016-08-13 16:58:00",69,35,124,0,"109760"
874662,1,0,"2016-08-13 16:58:02",49,24,91,0,"109768"
874663,1,0,"2016-08-13 16:58:43",61,30,90,0,"110224"
874664,1,0,"2016-08-13 16:59:25",66,30,90,0,"110400"
874665,1,0,"2016-08-13 16:59:29",49,25,95,0,"110451"
874666,1,0,"2016-08-13 16:59:33",50,24,100,0,"110527"
874667,1,1,"2016-08-13 16:59:49",65,44,184,0,"110768"
874668,1,1,"2016-08-13 17:00:27",51,24,182,0,"111143"
874669,1,1,"2016-08-13 17:00:29",51,25,180,0,"111150"
874670,1,0,"2016-08-13 17:01:05",69,37,99,0,"111263"
874671,1,0,"2016-08-13 17:01:07",52,26,93,0,"111287"
874672,1,0,"2016-08-13 17:01:15",55,23,111,0,"111430"
874673,1,1,"2016-08-13 17:01:17",48,24,119,0,"111480"
874674,1,0,"2016-08-13 17:02:47",56,26,94,0,"112165"
874675,1,1,"2016-08-13 17:02:53",61,28,194,0,"112241"
874676,1,0,"2016-08-13 17:03:32",46,26,97,0,"112688"
874677,1,0,"2016-08-13 17:03:46",62,32,98,0,"112793"
874678,1,1,"2016-08-13 17:04:40",62,28,183,0,"113079"
874679,1,0,"2016-08-13 17:05:30",63,30,107,0,"113963"
874680,1,0,"2016-08-13 17:05:31",60,27,106,0,"113967"
874681,1,0,"2016-08-13 17:06:02",67,31,97,0,"114061"
874682,1,0,"2016-08-13 17:06:04",46,27,105,0,"114076"
874683,1,0,"2016-08-13 17:06:06",56,25,100,0,"114085"
874684,1,0,"2016-08-13 17:06:46",53,16,97,0,"114681"
874685,1,0,"2016-08-13 17:08:33",34,22,96,0,"115615"
874686,1,0,"2016-08-13 17:09:32",55,29,100,0,"115825"
874687,1,0,"2016-08-13 17:09:34",55,22,97,0,"115851"
874688,1,1,"2016-08-13 17:09:45",32,23,198,0,"115961"
874689,1,0,"2016-08-13 17:11:20",48,23,97,0,"116729"
874690,1,0,"2016-08-13 17:11:21",53,27,98,0,"116768"
874691,1,1,"2016-08-13 17:12:10",37,24,206,0,"117135"
874692,1,1,"2016-08-13 17:12:14",64,30,186,0,"117166"
874693,1,0,"2016-08-13 17:12:47",60,31,97,0,"117273"
874694,1,0,"2016-08-13 17:12:49",63,28,92,0,"117289"
874695,1,0,"2016-08-13 17:13:22",29,22,98,0,"117625"
874696,1,0,"2016-08-13 17:13:26",40,24,91,0,"117652"
874697,1,0,"2016-08-13 17:13:39",32,25,96,0,"117763"
874698,1,1,"2016-08-13 17:13:47",46,25,181,0,"117791"
874699,1,1,"2016-08-13 17:14:41",68,29,209,0,"118103"
874700,1,0,"2016-08-13 17:15:10",54,27,93,0,"118400"
874701,1,0,"2016-08-13 17:16:10",53,29,89,0,"118615"
874702,1,1,"2016-08-13 17:16:17",55,28,178,0,"118706"
874703,1,1,"2016-08-13 17:16:19",61,26,188,0,"118733"
874704,1,1,"2016-08-13 17:16:43",38,24,183,0,"119061"
874705,1,0,"2016-08-13 17:17:47",52,25,87,0,"119301"
874706,1,1,"2016-08-13 17:18:02",52,26,182,0,"119516"
874707,1,1,"2016-08-13 17:18:54",61,27,179,0,"119974"
874708,1,1,"2016-08-13 17:19:29",61,29,196,0,"120062"
874709,1,1,"2016-08-13 17:19:33",68,30,207,0,"120086"
874710,1,1,"2016-08-13 17:19:34",60,28,193,0,"120123"
874711,1,1,"2016-08-13 17:19:39",54,26,185,0,"120206"
874712,1,0,"2016-08-13 17:19:50",53,26,104,0,"120344"
874713,1,1,"2016-08-13 17:20:30",33,21,185,0,"120589"
874714,1,0,"2016-08-13 17:21:08",59,32,100,0,"120749"
874715,1,0,"2016-08-13 17:21:09",63,31,99,0,"120755"
874716,1,0,"2016-08-13 17:21:10",55,29,103,0,"120766"
874717,1,0,"2016-08-13 17:21:11",56,28,89,0,"120784"
874718,1,0,"2016-08-13 17:21:12",62,31,92,0,"120800"
874719,1,0,"2016-08-13 17:21:13",54,27,101,0,"120812"
874720,1,1,"2016-08-13 17:21:57",69,32,224,0,"121221"
874721,1,0,"2016-08-13 17:22:44",51,28,99,0,"121318"
874722,1,0,"2016-08-13 17:22:48",53,27,90,0,"121350"
874723,1,0,"2016-08-13 17:22:54",46,24,106,0,"121419"
874724,1,0,"2016-08-13 17:22:55",52,25,98,0,"121442"
874725,1,0,"2016-08-13 17:22:56",49,27,93,0,"121470"
874726,1,1,"2016-08-13 17:22:58",52,26,55,0,"121494"
874727,1,1,"2016-08-13 17:23:10",56,26,186,0,"121641"
874728,1,1,"2016-08-13 17:23:12",57,28,186,0,"121659"
874729,1,1,"2016-08-13 17:23:13",58,26,187,0,"121680"
874730,1,1,"2016-08-13 17:23:14",54,25,181,0,"121697"
874731,1,0,"2016-08-13 17:23:20",52,23,108,0,"121805"
874732,1,1,"2016-08-13 17:23:28",53,26,188,0,"121905"
874733,1,0,"2016-08-13 17:24:32",49,24,94,0,"122281"
874734,1,1,"2016-08-13 17:24:34",55,26,99,0,"122305"
874735,1,1,"2016-08-13 17:24:47",57,26,152,0,"122643"
874736,1,1,"2016-08-13 17:24:48",50,26,176,0,"122648"
874737,1,1,"2016-08-13 17:25:13",41,18,179,0,"122898"
874738,1,1,"2016-08-13 17:25:13",53,27,186,0,"122908"
874739,1,1,"2016-08-13 17:25:14",43,21,183,0,"122918"
874740,1,0,"2016-08-13 17:26:06",54,30,104,0,"123091"
874741,1,1,"2016-08-13 17:26:11",53,25,189,0,"123138"
874742,1,0,"2016-08-13 17:26:14",56,31,98,0,"123176"
874743,1,0,"2016-08-13 17:26:17",58,31,100,0,"123231"
874744,1,0,"2016-08-13 17:26:20",59,31,97,0,"123270"
874745,1,1,"2016-08-13 17:27:14",57,27,180,0,"123707"
874746,1,0,"2016-08-13 17:27:53",49,31,94,0,"123842"
874747,1,1,"2016-08-13 17:28:06",59,32,184,0,"124005"
874748,1,0,"2016-08-13 17:28:45",55,29,115,0,"124299"
874749,1,0,"2016-08-13 17:28:47",52,26,101,0,"124316"
874750,1,0,"2016-08-13 17:29:26",62,32,106,0,"124488"
874751,1,1,"2016-08-13 17:29:47",66,28,194,0,"124704"
874752,1,1,"2016-08-13 17:29:48",57,29,194,0,"124707"
874753,1,1,"2016-08-13 17:29:56",53,27,180,0,"124777"
874754,1,1,"2016-08-13 17:30:26",62,30,181,0,"124938"
874755,1,1,"2016-08-13 17:31:08",57,28,191,0,"125100"
874756,1,0,"2016-08-13 17:31:24",53,31,97,0,"125325"
874757,1,0,"2016-08-13 17:32:01",69,40,103,0,"125631"
874758,1,0,"2016-08-13 17:32:41",53,29,105,0,"125724"
874759,1,0,"2016-08-13 17:32:58",59,30,99,0,"125910"
874760,1,0,"2016-08-13 17:32:59",53,30,103,0,"125926"
874761,1,0,"2016-08-13 17:33:19",56,26,93,0,"126159"
874762,1,0,"2016-08-13 17:34:28",58,30,94,0,"126517"
874763,1,0,"2016-08-13 17:34:43",57,26,92,0,"126704"
874764,1,1,"2016-08-13 17:34:44",54,26,98,0,"126736"
874765,1,0,"2016-08-13 17:36:13",47,21,86,0,"127195"
874766,1,1,"2016-08-13 17:36:18",55,24,189,0,"127247"
874767,1,0,"2016-08-13 17:36:21",56,29,98,0,"127302"
874768,1,0,"2016-08-13 17:36:22",54,24,101,0,"127312"
874769,1,0,"2016-08-13 17:36:24",54,27,93,0,"127333"
874770,1,0,"2016-08-13 17:36:25",55,27,89,0,"127363"
874771,1,0,"2016-08-13 17:36:26",56,31,97,0,"127382"
874772,1,0,"2016-08-13 17:36:27",59,30,95,0,"127402"
874773,1,0,"2016-08-13 17:36:29",57,29,60,0,"127429"
874774,1,0,"2016-08-13 17:36:30",57,29,104,0,"127444"
874775,1,0,"2016-08-13 17:36:36",55,27,98,0,"127502"
874776,1,0,"2016-08-13 17:36:37",56,30,103,0,"127514"
874777,1,0,"2016-08-13 17:36:38",55,31,99,0,"127527"
874778,1,0,"2016-08-13 17:36:39",64,40,81,0,"127546"
874779,1,0,"2016-08-13 17:36:41",55,30,101,0,"127572"
874780,1,0,"2016-08-13 17:36:42",55,30,98,0,"127580"
874781,1,0,"2016-08-13 17:36:44",55,29,102,0,"127596"
874782,1,0,"2016-08-13 17:36:45",69,29,92,0,"127614"
874783,1,0,"2016-08-13 17:37:09",53,26,100,0,"127761"
874784,1,0,"2016-08-13 17:37:48",58,31,97,0,"127867"
874785,1,1,"2016-08-13 17:38:06",54,27,183,0,"128123"
874786,1,1,"2016-08-13 17:38:16",58,30,197,0,"128309"
874787,1,1,"2016-08-13 17:38:32",59,30,186,0,"128412"
874788,1,1,"2016-08-13 17:38:44",56,27,181,0,"128455"
874789,1,1,"2016-08-13 17:38:48",54,26,189,0,"128470"
874790,1,1,"2016-08-13 17:38:50",57,25,186,0,"128475"
874791,1,1,"2016-08-13 17:38:50",56,24,177,0,"128477"
874792,1,1,"2016-08-13 17:38:51",57,26,186,0,"128479"
874793,1,1,"2016-08-13 17:39:31",54,25,185,0,"128653"
874794,1,0,"2016-08-13 17:39:34",57,27,98,0,"128688"
874795,1,1,"2016-08-13 17:39:35",58,27,84,0,"128715"
874796,1,1,"2016-08-13 17:39:39",64,29,188,0,"128753"
874797,1,1,"2016-08-13 17:40:32",53,24,190,0,"129080"
874798,1,1,"2016-08-13 17:40:42",58,29,186,0,"129113"
874799,1,0,"2016-08-13 17:41:08",49,26,106,0,"129227"
874800,1,0,"2016-08-13 17:41:09",51,24,99,0,"129238"
874801,1,0,"2016-08-13 17:41:25",53,28,102,0,"129452"
874802,1,0,"2016-08-13 17:42:42",53,27,98,0,"129905"
874803,1,0,"2016-08-13 17:42:50",56,29,104,0,"129994"
874804,1,1,"2016-08-13 17:43:04",56,26,183,0,"130251"
874805,1,1,"2016-08-13 17:43:53",56,27,178,0,"130648"
874806,1,1,"2016-08-13 17:44:50",55,26,192,0,"131126"
874807,1,1,"2016-08-13 17:44:52",53,22,188,0,"131135"
874808,1,1,"2016-08-13 17:45:02",62,33,104,0,"131316"
874809,1,1,"2016-08-13 17:45:17",57,26,191,0,"131400"
874810,1,0,"2016-08-13 17:45:24",30,23,114,0,"131442"
874811,1,0,"2016-08-13 17:45:25",54,29,101,0,"131453"
874812,1,0,"2016-08-13 17:46:06",56,28,94,0,"131591"
874813,1,0,"2016-08-13 17:46:09",55,27,100,0,"131621"
874814,1,0,"2016-08-13 17:46:10",35,25,89,0,"131638"
874815,1,0,"2016-08-13 17:46:14",52,27,109,0,"131683"
874816,1,1,"2016-08-13 17:46:16",55,28,76,0,"131750"
874817,1,1,"2016-08-13 17:46:24",51,31,185,0,"131893"
874818,1,1,"2016-08-13 17:46:25",53,27,188,0,"131924"
874819,1,0,"2016-08-13 17:46:49",54,25,99,0,"132241"
874820,1,1,"2016-08-13 17:47:02",54,25,182,0,"132306"
874821,1,1,"2016-08-13 17:47:03",54,26,184,0,"132311"
874822,1,0,"2016-08-13 17:47:48",53,25,104,0,"132515"
874823,1,0,"2016-08-13 17:47:49",53,26,115,0,"132520"
874824,1,0,"2016-08-13 17:47:52",53,23,102,0,"132579"
874825,1,0,"2016-08-13 17:47:55",54,25,97,0,"132645"
874826,1,0,"2016-08-13 17:47:56",53,26,107,0,"132662"
874827,1,0,"2016-08-13 17:47:57",52,26,104,0,"132673"
874828,1,0,"2016-08-13 17:47:58",52,25,102,0,"132700"
874829,1,0,"2016-08-13 17:48:04",57,26,109,0,"132822"
874830,1,0,"2016-08-13 17:49:30",57,26,72,0,"133547"
874831,1,0,"2016-08-13 17:49:31",56,27,97,0,"133570"
874832,1,0,"2016-08-13 17:49:58",55,22,105,0,"133962"
874833,1,0,"2016-08-13 17:50:29",52,23,98,0,"134170"
874834,1,0,"2016-08-13 17:51:10",62,29,106,0,"134419"
874835,1,0,"2016-08-13 17:51:11",56,30,90,0,"134437"
874836,1,0,"2016-08-13 17:51:12",59,27,105,0,"134448"
874837,1,0,"2016-08-13 17:51:19",36,18,95,0,"134531"
874838,1,0,"2016-08-13 17:51:22",54,29,92,0,"134592"
874839,1,0,"2016-08-13 17:52:51",55,30,94,0,"135255"
874840,1,1,"2016-08-13 17:53:17",67,32,179,0,"135738"
874841,1,1,"2016-08-13 17:53:18",52,24,49,0,"135763"
874842,1,1,"2016-08-13 17:53:46",51,26,193,0,"136039"
874843,1,1,"2016-08-13 17:54:23",57,26,185,0,"136173"
874844,1,0,"2016-08-13 17:54:26",61,33,90,0,"136228"
874845,1,0,"2016-08-13 17:54:31",55,26,94,0,"136288"
874846,1,1,"2016-08-13 17:54:34",59,30,109,0,"136328"
874847,1,1,"2016-08-13 17:54:37",58,28,186,0,"136382"
874848,1,1,"2016-08-13 17:54:46",60,29,197,0,"136549"
874849,1,1,"2016-08-13 17:55:28",70,32,185,0,"136949"
874850,1,1,"2016-08-13 17:55:32",65,28,184,0,"136963"
874851,1,0,"2016-08-13 17:56:06",62,30,96,0,"137146"
874852,1,1,"2016-08-13 17:56:18",62,27,184,0,"137351"
874853,1,1,"2016-08-13 17:56:30",57,23,183,0,"137535"
874854,1,1,"2016-08-13 17:56:32",52,24,194,0,"137555"
874855,1,0,"2016-08-13 17:57:56",59,25,94,0,"138214"
874856,1,0,"2016-08-13 17:57:58",63,29,90,0,"138253"
874857,1,0,"2016-08-13 17:58:34",48,25,106,0,"138867"
874858,1,0,"2016-08-13 17:58:45",60,26,107,0,"138931"
874859,1,0,"2016-08-13 17:58:47",46,24,80,0,"138940"
874860,1,0,"2016-08-13 17:58:59",57,31,102,0,"138982"
874861,1,0,"2016-08-13 17:59:28",62,32,90,0,"139077"
874862,1,0,"2016-08-13 18:01:08",57,23,107,0,"140256"
874863,1,0,"2016-08-13 18:02:01",61,19,105,0,"141071"
874864,1,0,"2016-08-13 18:02:09",30,9,111,0,"141132"
874865,1,0,"2016-08-13 18:02:48",34,27,84,0,"141314"
874866,1,1,"2016-08-13 18:03:04",63,26,191,0,"141748"
874867,1,0,"2016-08-13 18:03:08",62,27,93,0,"141815"
874868,1,1,"2016-08-13 18:03:35",61,28,183,0,"142178"
874869,1,1,"2016-08-13 18:04:33",67,28,198,0,"142564"
874870,1,0,"2016-08-13 18:04:53",60,26,101,0,"143045"
874871,1,1,"2016-08-13 18:04:54",51,22,55,0,"143088"
874872,1,0,"2016-08-13 18:05:06",29,19,96,0,"143241"
874873,1,1,"2016-08-13 18:06:15",53,32,102,0,"143818"
874874,1,0,"2016-08-13 18:06:17",58,26,102,0,"143882"
874875,1,0,"2016-08-13 18:06:23",39,14,86,0,"143971"
874876,1,0,"2016-08-13 18:06:34",59,27,86,0,"144179"
874877,1,0,"2016-08-13 18:06:35",43,12,103,0,"144197"
874878,1,1,"2016-08-13 18:06:46",59,25,179,0,"144419"
874879,1,1,"2016-08-13 18:06:47",63,25,177,0,"144430"
874880,1,1,"2016-08-13 18:06:48",54,16,183,0,"144440"
874881,1,0,"2016-08-13 18:07:04",47,23,86,0,"144547"
874882,1,1,"2016-08-13 18:07:53",51,21,172,0,"144958"
874883,1,1,"2016-08-13 18:07:57",50,14,195,0,"145026"
874884,1,1,"2016-08-13 18:08:03",45,24,182,0,"145184"
874885,1,1,"2016-08-13 18:08:06",44,20,188,0,"145278"
874886,1,1,"2016-08-13 18:08:07",49,24,194,0,"145347"
874887,1,0,"2016-08-13 18:08:53",57,25,104,0,"145948"
874888,1,0,"2016-08-13 18:09:26",39,15,109,0,"146051"
874889,1,1,"2016-08-13 18:09:31",47,23,94,0,"146169"
874890,1,1,"2016-08-13 18:09:32",42,23,198,0,"146180"
874891,1,1,"2016-08-13 18:09:41",38,24,187,0,"146506"
874892,1,1,"2016-08-13 18:09:45",43,21,188,0,"146688"
874893,1,1,"2016-08-13 18:09:55",64,26,187,0,"146942"
874894,1,1,"2016-08-13 18:09:56",59,25,184,0,"146955"
874895,1,1,"2016-08-13 18:09:59",53,25,183,0,"147024"
874896,1,1,"2016-08-13 18:10:00",43,16,184,0,"147056"
874897,1,0,"2016-08-13 18:11:07",44,18,108,0,"147732"
874898,1,1,"2016-08-13 18:11:13",52,15,196,0,"147903"
874899,1,1,"2016-08-13 18:11:16",50,7,88,0,"148008"
874900,1,1,"2016-08-13 18:11:16",30,22,127,0,"148023"
874901,1,1,"2016-08-13 18:11:18",47,13,190,0,"148088"
874902,1,1,"2016-08-13 18:11:24",50,24,187,0,"148261"
874903,1,1,"2016-08-13 18:11:26",42,23,189,0,"148314"
874904,1,0,"2016-08-13 18:12:56",43,11,91,0,"149422"
874905,1,0,"2016-08-13 18:12:57",38,17,94,0,"149450"
874906,1,1,"2016-08-13 18:13:12",56,22,185,0,"149930"
874907,1,0,"2016-08-13 18:13:46",55,22,104,0,"150708"
874908,1,0,"2016-08-13 18:14:28",48,26,100,0,"150892"
874909,1,0,"2016-08-13 18:14:31",47,12,100,0,"151014"
874910,1,0,"2016-08-13 18:14:43",48,19,91,0,"151426"
874911,1,0,"2016-08-13 18:14:44",40,20,86,0,"151456"
874912,1,0,"2016-08-13 18:14:45",35,12,90,0,"151493"
874913,1,1,"2016-08-13 18:15:15",58,18,189,0,"151997"
874914,1,0,"2016-08-13 18:16:06",47,21,102,0,"152261"
874915,1,0,"2016-08-13 18:16:07",45,19,91,0,"152281"
874916,1,1,"2016-08-13 18:16:13",55,25,77,0,"152392"
874917,1,1,"2016-08-13 18:16:16",50,14,192,0,"152405"
874918,1,1,"2016-08-13 18:16:18",42,17,190,0,"152459"
874919,1,1,"2016-08-13 18:16:19",50,22,191,0,"152509"
874920,1,0,"2016-08-13 18:16:48",55,27,101,0,"153012"
874921,1,0,"2016-08-13 18:17:45",43,25,106,0,"153394"
874922,1,0,"2016-08-13 18:18:30",33,14,102,0,"154171"
874923,1,0,"2016-08-13 18:19:24",29,7,51,0,"154427"
874924,1,1,"2016-08-13 18:19:31",56,18,179,0,"154603"
874925,1,1,"2016-08-13 18:19:32",55,20,199,0,"154629"
874926,1,1,"2016-08-13 18:19:41",52,23,186,0,"154856"
874927,1,1,"2016-08-13 18:19:44",45,25,190,0,"154937"
874928,1,0,"2016-08-13 18:19:47",47,21,84,0,"155046"
874929,1,0,"2016-08-13 18:21:10",42,24,99,0,"155859"
874930,1,0,"2016-08-13 18:23:20",46,20,109,0,"157752"
874931,1,1,"2016-08-13 18:23:56",53,27,179,0,"158050"
874932,1,0,"2016-08-13 18:25:18",55,23,97,0,"159268"
874933,1,0,"2016-08-13 18:26:09",52,30,83,0,"159615"
874934,1,1,"2016-08-13 18:26:17",56,28,188,0,"159832"
874935,1,1,"2016-08-13 18:26:30",47,25,199,0,"160127"
874936,1,0,"2016-08-13 18:26:34",33,22,98,0,"160218"
874937,1,0,"2016-08-13 18:28:24",47,24,91,0,"161705"
874938,1,0,"2016-08-13 18:28:26",47,17,98,0,"161756"
874939,1,1,"2016-08-13 18:28:46",54,23,188,0,"162068"
874940,1,0,"2016-08-13 18:29:26",66,29,95,0,"162175"
874941,1,1,"2016-08-13 18:30:34",60,21,181,0,"163111"
874942,1,0,"2016-08-13 18:31:06",56,22,100,0,"163273"
874943,1,0,"2016-08-13 18:34:21",56,27,98,0,"165762"
874944,1,0,"2016-08-13 18:34:24",43,28,101,0,"165790"
874945,1,0,"2016-08-13 18:34:27",58,24,106,0,"165873"
874946,1,0,"2016-08-13 18:35:25",50,22,105,0,"166698"
874947,1,1,"2016-08-13 18:35:26",57,26,66,0,"166704"
874948,1,0,"2016-08-13 18:36:05",45,15,100,0,"166901"
874949,1,0,"2016-08-13 18:36:07",46,29,101,0,"166933"
874950,1,1,"2016-08-13 18:36:23",36,20,180,0,"167315"
874951,1,1,"2016-08-13 18:36:45",60,31,194,0,"167725"
874952,1,0,"2016-08-13 18:37:06",51,25,101,0,"167904"
874953,1,0,"2016-08-13 18:37:07",60,25,91,0,"167911"
874954,1,0,"2016-08-13 18:37:11",48,12,112,0,"167936"
874955,1,0,"2016-08-13 18:37:49",47,14,84,0,"168129"
874956,1,1,"2016-08-13 18:38:21",52,24,188,0,"168783"
874957,1,0,"2016-08-13 18:39:28",53,36,102,0,"169225"
874958,1,0,"2016-08-13 18:39:29",44,18,105,0,"169257"
874959,1,1,"2016-08-13 18:41:08",43,21,184,0,"170363"
874960,1,1,"2016-08-13 18:41:11",47,22,195,0,"170417"
874961,1,0,"2016-08-13 18:41:15",55,21,95,0,"170575"
874962,1,1,"2016-08-13 18:41:24",31,18,180,0,"170765"
874963,1,1,"2016-08-13 18:41:44",62,27,190,0,"170996"
874964,1,1,"2016-08-13 18:41:55",61,27,174,0,"171062"
874965,1,0,"2016-08-13 18:44:42",52,31,95,0,"172847"
874966,1,1,"2016-08-13 18:44:47",59,25,193,0,"172980"
874967,1,1,"2016-08-13 18:44:48",50,18,186,0,"173001"
874968,1,1,"2016-08-13 18:44:50",52,27,183,0,"173049"
874969,1,1,"2016-08-13 18:44:52",52,22,188,0,"173109"
874970,1,0,"2016-08-13 18:45:23",56,26,97,0,"173515"
874971,1,0,"2016-08-13 18:46:16",40,24,104,0,"174006"
874972,1,0,"2016-08-13 18:46:18",50,22,101,0,"174031"
874973,1,1,"2016-08-13 18:46:29",55,23,179,0,"174389"
874974,1,1,"2016-08-13 18:46:40",60,24,188,0,"174676"
874975,1,1,"2016-08-13 18:46:57",57,25,190,0,"174821"
874976,1,1,"2016-08-13 18:46:57",64,26,190,0,"174827"
874977,1,0,"2016-08-13 18:47:04",54,19,108,0,"174853"
874978,1,1,"2016-08-13 18:47:52",49,16,182,0,"175233"
874979,1,1,"2016-08-13 18:49:35",69,37,216,0,"176373"
874980,1,1,"2016-08-13 18:50:13",47,23,180,0,"177046"
874981,1,0,"2016-08-13 18:50:22",33,8,69,0,"177136"
874982,1,0,"2016-08-13 18:51:04",56,22,100,0,"177434"
874983,1,1,"2016-08-13 18:51:12",48,15,195,0,"177678"
874984,1,1,"2016-08-13 18:51:31",46,18,185,0,"178314"
874985,1,1,"2016-08-13 18:52:53",57,26,181,0,"179245"
874986,1,1,"2016-08-13 18:52:54",44,18,180,0,"179301"
874987,1,1,"2016-08-13 18:53:16",51,14,76,0,"179829"
874988,1,1,"2016-08-13 18:53:56",55,25,194,0,"180088"
874989,1,0,"2016-08-13 18:54:24",42,22,79,0,"180210"
874990,1,1,"2016-08-13 18:54:39",57,25,181,0,"180540"
874991,1,1,"2016-08-13 18:54:53",36,21,189,0,"180747"
874992,1,1,"2016-08-13 18:56:08",38,12,184,0,"181486"
874993,1,1,"2016-08-13 18:56:35",35,19,184,0,"182015"
874994,1,1,"2016-08-13 18:56:40",35,29,192,0,"182113"
874995,1,1,"2016-08-13 18:58:23",55,26,180,0,"183244"
874996,1,0,"2016-08-13 18:58:27",56,23,87,0,"183299"
874997,1,0,"2016-08-13 18:59:26",50,21,89,0,"183645"
874998,1,1,"2016-08-13 18:59:38",32,11,183,0,"183932"
874999,1,1,"2016-08-13 18:59:39",57,28,186,0,"183958"
875000,1,0,"2016-08-13 19:04:23",71,21,91,0,"187464"
875001,1,0,"2016-08-13 19:04:27",44,24,88,0,"187526"
875002,1,1,"2016-08-13 19:04:34",56,16,195,0,"187629"
875003,1,0,"2016-08-13 19:05:05",36,13,97,0,"188076"
875004,1,0,"2016-08-13 19:07:39",40,28,86,0,"189142"
875005,1,0,"2016-08-13 19:07:41",53,26,97,0,"189160"
875006,1,1,"2016-08-13 19:08:06",39,23,173,0,"189866"
875007,1,1,"2016-08-13 19:08:17",30,21,197,0,"190130"
875008,1,0,"2016-08-13 19:11:03",46,23,94,0,"192010"
875009,1,0,"2016-08-13 19:11:04",48,21,103,0,"192061"
875010,1,1,"2016-08-13 19:11:26",57,19,183,0,"192671"
875011,1,1,"2016-08-13 19:11:50",57,28,189,0,"192935"
875012,1,1,"2016-08-13 19:12:25",67,27,171,0,"193078"
875013,1,0,"2016-08-13 19:13:43",45,20,93,0,"194080"
875014,1,0,"2016-08-13 19:14:17",48,24,91,0,"194228"
875015,1,0,"2016-08-13 19:14:21",53,28,93,0,"194247"
875016,1,1,"2016-08-13 19:14:41",54,25,189,0,"194707"
875017,1,1,"2016-08-13 19:14:42",51,23,178,0,"194758"
875018,1,1,"2016-08-13 19:16:09",52,26,205,0,"195496"
875019,1,0,"2016-08-13 19:17:09",52,25,96,0,"196310"
875020,1,0,"2016-08-13 19:18:56",40,21,104,0,"197273"
875021,1,1,"2016-08-13 19:19:40",57,13,190,0,"197761"
875022,1,1,"2016-08-13 19:19:44",50,22,197,0,"197829"
875023,1,1,"2016-08-13 19:19:48",47,21,193,0,"197911"
875024,1,1,"2016-08-13 19:19:56",61,23,199,0,"198058"
875025,1,1,"2016-08-13 19:20:00",52,25,180,0,"198153"
875026,1,1,"2016-08-13 19:20:01",48,20,175,0,"198172"
875027,1,1,"2016-08-13 19:20:02",43,23,183,0,"198203"
875028,1,0,"2016-08-13 19:21:06",34,14,99,0,"198669"
875029,1,0,"2016-08-13 19:21:07",45,27,98,0,"198692"
875030,1,0,"2016-08-13 19:21:09",31,13,103,0,"198746"
875031,1,0,"2016-08-13 19:21:23",69,39,88,0,"199089"
875032,1,1,"2016-08-13 19:21:37",51,25,179,0,"199381"
875033,1,0,"2016-08-13 19:21:47",59,23,90,0,"199525"
875034,1,0,"2016-08-13 19:21:56",51,17,97,0,"199597"
875035,1,0,"2016-08-13 19:22:13",39,22,90,0,"199701"
875036,1,0,"2016-08-13 19:22:38",48,24,89,0,"199771"
875037,1,1,"2016-08-13 19:24:41",54,26,183,0,"201236"
875038,1,1,"2016-08-13 19:25:12",48,24,198,0,"201802"
875039,1,0,"2016-08-13 19:25:26",44,16,87,0,"201877"
875040,1,0,"2016-08-13 19:26:03",44,27,97,0,"201947"
875041,1,1,"2016-08-13 19:26:18",52,27,192,0,"202233"
875042,1,0,"2016-08-13 19:26:39",48,24,116,0,"202613"
875043,1,0,"2016-08-13 19:27:39",61,28,55,0,"203008"
875044,1,0,"2016-08-13 19:27:40",53,33,96,0,"203007"
875045,1,1,"2016-08-13 19:27:50",53,18,199,0,"203175"
875046,1,0,"2016-08-13 19:28:00",30,14,109,0,"203413"
875047,1,1,"2016-08-13 19:30:13",63,26,174,0,"205005"
875048,1,0,"2016-08-13 19:31:09",56,23,86,0,"205270"
875049,1,1,"2016-08-13 19:34:52",57,27,184,0,"207905"
875050,1,0,"2016-08-13 19:36:11",57,23,82,0,"208364"
875051,1,1,"2016-08-13 19:36:56",45,19,90,0,"209104"
875052,1,1,"2016-08-13 19:36:57",57,26,188,0,"209100"
875053,1,0,"2016-08-13 19:38:35",52,32,99,0,"210202"
875054,1,0,"2016-08-13 19:41:58",47,25,89,0,"212162"
875055,1,1,"2016-08-13 19:42:53",52,25,78,0,"212574"
875056,1,0,"2016-08-13 19:46:01",60,28,91,0,"214484"
875057,1,0,"2016-08-13 19:46:06",44,20,100,0,"214563"
875058,1,0,"2016-08-13 19:46:30",49,17,100,0,"215185"
875059,1,0,"2016-08-13 19:47:39",46,24,103,0,"215680"
875060,1,0,"2016-08-13 19:48:39",54,23,98,0,"216807"
875061,1,0,"2016-08-13 19:48:41",47,25,105,0,"216834"
875062,1,0,"2016-08-13 19:50:10",42,9,91,0,"217744"
875063,1,1,"2016-08-13 19:52:01",66,29,190,0,"218692"
875064,1,1,"2016-08-13 19:54:26",48,16,188,0,"220097"
875065,1,0,"2016-08-13 19:54:36",52,25,99,0,"220252"
875066,1,0,"2016-08-13 19:55:31",57,23,87,0,"221088"
875067,1,1,"2016-08-13 19:59:31",36,20,49,0,"223360"
875068,1,1,"2016-08-13 19:59:43",53,16,190,0,"223701"
875069,1,0,"2016-08-13 19:59:55",31,19,100,0,"223993"
875070,1,1,"2016-08-13 20:01:48",59,25,194,0,"225208"
875071,1,0,"2016-08-13 20:06:05",57,20,93,0,"227325"
875072,1,1,"2016-08-13 20:08:50",53,26,177,0,"229269"
875073,1,1,"2016-08-13 20:08:51",54,26,177,0,"229274"
875074,1,1,"2016-08-13 20:08:52",56,22,185,0,"229279"
875075,1,1,"2016-08-13 20:08:52",48,14,186,0,"229282"
875076,1,1,"2016-08-13 20:08:53",40,13,70,0,"229289"
875077,1,0,"2016-08-13 20:13:17",54,27,89,0,"231931"
875078,1,0,"2016-08-13 20:13:30",35,28,99,0,"232024"
875079,1,1,"2016-08-13 20:15:17",59,20,53,0,"233078"
875080,1,0,"2016-08-13 20:17:39",59,28,110,0,"234132"
875081,1,1,"2016-08-13 20:19:35",62,23,193,0,"235538"
875082,1,1,"2016-08-13 20:23:24",56,20,198,0,"238138"
875083,1,0,"2016-08-13 20:23:35",64,44,91,0,"238221"
875084,1,1,"2016-08-13 20:26:21",56,25,180,0,"239979"
875085,1,0,"2016-08-13 20:27:04",56,31,102,0,"240347"
875086,1,0,"2016-08-13 20:27:05",52,26,95,0,"240357"
875087,1,1,"2016-08-13 20:27:51",48,27,201,0,"240575"
875088,1,0,"2016-08-13 20:28:42",29,22,53,0,"241282"
875089,1,0,"2016-08-13 20:30:16",33,22,56,0,"242277"
875090,1,0,"2016-08-13 20:30:17",57,26,117,0,"242265"
875091,1,0,"2016-08-13 20:30:53",41,34,90,0,"242477"
875092,1,0,"2016-08-13 20:33:11",44,23,101,0,"244000"
875093,1,1,"2016-08-13 20:33:44",44,7,180,0,"244454"
875094,1,1,"2016-08-13 20:33:45",50,24,183,0,"244463"
875095,1,0,"2016-08-13 20:38:33",52,28,98,0,"247905"
875096,1,1,"2016-08-13 20:41:27",50,24,188,0,"249390"
875097,1,0,"2016-08-13 20:42:40",34,9,50,0,"249979"
875098,1,1,"2016-08-13 20:43:06",43,25,191,0,"250624"
875099,1,1,"2016-08-13 20:43:07",31,24,182,0,"250642"
875100,1,1,"2016-08-13 20:46:14",34,29,190,0,"252302"
875101,1,0,"2016-08-13 20:46:43",52,22,93,0,"252894"
875102,1,1,"2016-08-13 20:47:08",63,24,181,0,"253142"
875103,1,1,"2016-08-13 20:47:12",58,51,89,0,"253162"
875104,1,1,"2016-08-13 20:50:21",58,25,84,0,"255310"
875105,1,1,"2016-08-13 20:52:54",54,20,178,0,"256505"
875106,1,1,"2016-08-13 20:59:37",51,23,184,0,"260024"
875107,1,1,"2016-08-13 21:01:25",64,25,84,0,"261554"
875108,1,0,"2016-08-13 21:02:46",53,23,92,0,"262151"
875109,1,1,"2016-08-13 21:08:39",51,19,185,0,"265918"
875110,1,1,"2016-08-13 21:10:24",56,27,182,0,"267032"
875111,1,1,"2016-08-13 21:13:41",63,25,178,0,"268837"
875112,1,0,"2016-08-13 21:16:12",56,33,99,0,"269905"
875113,1,0,"2016-08-13 21:17:45",53,20,103,0,"270581"
875114,1,1,"2016-08-13 21:21:25",49,25,187,0,"273131"
875115,1,0,"2016-08-13 21:21:48",36,19,98,0,"273294"
875116,1,0,"2016-08-13 21:22:39",71,26,109,0,"273449"
875117,1,0,"2016-08-13 21:22:40",57,26,91,0,"273459"
875118,1,1,"2016-08-13 21:29:31",44,18,83,0,"277211"
875119,1,1,"2016-08-13 21:29:41",57,22,190,0,"277437"
875120,1,1,"2016-08-13 21:33:16",51,20,185,0,"279723"
875121,1,0,"2016-08-13 21:38:47",71,42,106,0,"282155"
875122,1,0,"2016-08-13 21:41:02",47,25,93,0,"283240"
875123,1,0,"2016-08-13 21:43:22",35,22,93,0,"284596"
875124,1,0,"2016-08-13 21:44:13",46,21,92,0,"284749"
875125,1,0,"2016-08-13 21:44:35",55,19,100,0,"284953"
875126,1,0,"2016-08-13 21:46:06",52,24,93,0,"285472"
875127,1,0,"2016-08-13 21:46:57",36,25,89,0,"286354"
875128,1,0,"2016-08-13 21:51:03",43,23,125,0,"288401"
875129,1,0,"2016-08-13 21:56:16",43,20,107,0,"291653"
875130,1,0,"2016-08-13 22:00:19",48,25,96,0,"294529"
875131,1,0,"2016-08-13 22:00:54",29,26,94,0,"294577"
875132,1,0,"2016-08-13 22:02:47",30,17,106,0,"295403"
875133,1,1,"2016-08-13 22:03:48",52,20,194,0,"296386"
875134,1,1,"2016-08-13 22:04:37",62,24,181,0,"296792"
875135,1,0,"2016-08-13 22:06:03",38,20,87,0,"297576"
875136,1,0,"2016-08-13 22:07:50",31,19,92,0,"298751"
875137,1,0,"2016-08-13 22:10:21",53,26,94,0,"300351"
875138,1,0,"2016-08-13 22:16:05",52,25,92,0,"303661"
875139,1,1,"2016-08-13 22:16:17",48,17,187,0,"304045"
875140,1,0,"2016-08-13 22:21:56",41,21,86,0,"307147"
875141,1,0,"2016-08-13 22:22:25",29,15,141,0,"307260"
875142,1,1,"2016-08-13 22:22:43",54,25,199,0,"307306"
875143,1,1,"2016-08-13 22:23:09",48,23,129,0,"307866"
875144,1,1,"2016-08-13 22:23:10",53,25,183,0,"307878"
875145,1,0,"2016-08-13 22:23:49",48,23,105,0,"308029"
875146,1,0,"2016-08-13 22:23:50",45,20,80,0,"308036"
875147,1,0,"2016-08-13 22:28:21",57,25,105,0,"310812"
875148,1,0,"2016-08-13 22:28:34",37,13,98,0,"310866"
875149,1,1,"2016-08-13 22:32:12",57,22,189,0,"312691"
875150,1,0,"2016-08-13 22:32:33",52,22,93,0,"312769"
875151,1,1,"2016-08-13 22:38:05",59,23,179,0,"315191"
875152,1,1,"2016-08-13 22:38:06",53,24,190,0,"315204"
875153,1,0,"2016-08-13 22:43:19",52,21,98,0,"317955"
875154,1,0,"2016-08-13 22:44:20",55,23,104,0,"318124"
875155,1,0,"2016-08-13 22:45:09",41,24,91,0,"318770"
875156,1,0,"2016-08-13 22:45:12",48,23,108,0,"318794"
875157,1,0,"2016-08-13 22:45:14",45,23,91,0,"318816"
875158,1,0,"2016-08-13 22:58:10",51,26,105,0,"324502"
875159,1,0,"2016-08-13 22:59:10",64,30,77,0,"324796"
875160,1,0,"2016-08-13 23:02:24",52,26,96,0,"326206"
875161,1,0,"2016-08-13 23:06:28",29,14,94,0,"328397"
875162,1,1,"2016-08-13 23:07:09",52,25,185,0,"328712"
875163,1,0,"2016-08-13 23:13:14",61,26,93,0,"331477"
875164,1,1,"2016-08-13 23:33:17",58,23,177,0,"339462"
875165,1,0,"2016-08-13 23:52:25",59,33,97,0,"346263"
